7cfd0d80-4248-4e99-a7a1-15faa3deec90,"<p>思想道德和法律的相互关系</p>
<ul>
<li>共同点: {{c1::都是调节人们思想行为、协调人际关系、维护社会秩序的重要手段}}</li>
<li>不同点: {{c1::调节领域、调节方式、调节目标不同}}</li>
</ul>
<p>相互关系: {{c1::思想道德为法律提供思想指引和价值基础; 法律为思想道德建设提供制度保障}}</p>",2020-11-19T11:29:33+08:00,Ethics
160aa460-f678-44cd-8538-574788205cf9,"<p>人生观</p>
<p>(重要) 人生观的主要内容</p>
<ol>
<li>{{c1::人生目的 (核心): 决定人生道路、态度、价值选择}}</li>
<li>{{c1::人生态度}}</li>
<li>{{c1::人生价值: 自我价值、社会价值}}</li>
</ol>
<p>自我价值和社会价值的关系</p>
<ol>
<li>{{c1::自我价值是个体生存和发展的必要条件，自我价值的实现是个体为社会创造更大价值的前提}}</li>
<li>{{c1::社会价值是社会生存和发展的重要条件，社会价值的实现是个体自我完善、全面发展的保障}}</li>
</ol>
<p>社会价值: {{c1::奉献}};
自我价值: {{c1::索取}}</p>",2020-11-19T11:33:31+08:00,Ethics
09c3c4cb-7ba8-4ce6-8163-4cf54c80f692,"<p>(重要) 个人与社会的辩证关系</p>
<ol>
<li>{{c1::个人与社会是对立统一的关系}}</li>
<li>{{c1::个人与社会的关系，最根本的是个人利益与社会利益的关系}}</li>
</ol>
<p>意义: 认识和处理人生问题的重要<strong>着眼点</strong>和<strong>出发点</strong></p>
<p>社会发展的重要基础是 {{c1::社会成员素质的不断提高}}，根本目标是 {{c1::推动和实现人的全面发展}}</p>
<p>(重要) 个人利益与社会利益的辩证关系</p>
<ol>
<li>{{c1::社会利益是个人利益的有机统一}}</li>
<li>{{c1::社会利益是个人利益得以实现的前提、基础和保障}}</li>
</ol>",2020-11-19T11:40:59+08:00,Ethics
0e2601cf-072e-44da-b474-80532d5e7ea8,"<p>正确的人生观</p>
<p>最先进的人生追求: <strong>服务人民、奉献社会</strong></p>
<p>积极进取的人生态度: <strong>认真、务实、乐观、进取</strong></p>
<p>人生价值的评价与实现</p>
<p>(重要) 评价人生价值的根本尺度: {{c1::一个人的实践活动是否符合社会发展的客观规律，是否促进了历史的进步}}</p>
<p>(重要) 人生价值的评价方法</p>
<ol>
<li>坚持 {{c1::能力有大小、贡献须尽力}} 相统一</li>
<li>坚持 {{c1::物质贡献、精神贡献}} 相统一</li>
<li>坚持 {{c1::完善自身、贡献社会}} 相统一</li>
</ol>
<p>(重要) 人生价值的实现条件</p>
<ul>
<li>{{c1::(客观) 从社会客观条件出发}}</li>
<li>{{c1::(主观) 从个体自身条件出发}}</li>
<li>{{c1::不断增强实现人生价值的能力和本领}}</li>
</ul>",2020-11-12T20:31:51+08:00,Ethics
6744ce10-55c7-44d4-9bf8-723457d8556f,"<p>辨证对待人生矛盾要求我们树立正确的 {{幸福观、得失观、苦乐观、顺逆观、生死观、荣辱观}}，反对错误的人生观，<strong>与历史同向，与祖国同行，与人民同在</strong></p>
<p>(重要) 树立正确的幸福观</p>
<ol>
<li>{{c1::幸福是一个总体性范畴}}</li>
<li>{{c1::幸福体现在物质和精神两个方面}}</li>
<li>{{c1::追求幸福的过程中，不能把自己的幸福建立在损害社会整体和他人利益的基础上}}</li>
</ol>
<p>(重要) 树立正确的顺逆观: {{c1::顺境和逆境是人生中两种不同的境遇。无论是顺境还是逆境，对人生的作用都是双重的，关键是怎样去对待它们。}}</p>",2020-11-20T08:49:35+08:00,Ethics
5794ea32-15f3-479d-a252-8ff7e33e9e6c,"<p>坚定理想信念</p>
<ul>
<li>理想的特征: {{c1::超越性、实践性、时代性}}</li>
<li>信念的特征: {{c1::执着性、多样性；信仰是最高层次的信念，具有强大的统摄力}}</li>
</ul>
<p>(重要, 2020) 理想信念的作用</p>
<ol>
<li>{{c1::昭示奋斗目标}}</li>
<li>{{c1::提供前进动力}}</li>
<li>{{c1::提高精神境界}}</li>
</ol>
<p>树立崇高的理想信念</p>
<ul>
<li>共同理想: {{c1::中国特色社会主义}}</li>
<li>远大理想: {{c1::社会主义}}</li>
</ul>
<p>信仰马克思主义</p>
<ol>
<li>{{c1::体现了科学性和革命性的统一}}</li>
<li>{{c1::具有鲜明的实践品格}}</li>
<li>{{c1::具有持久生命力}}</li>
</ol>",2020-11-12T20:42:09+08:00,Ethics
8a0fc2be-0aed-4213-b625-6953a354ddaa,"<p>(重要) 理想与现实的关系</p>
<ol>
<li>{{c1::(关系) 理想和现实是对立统一的}}</li>
<li>{{c1::(过程) 理想的实现具有长期性、艰巨性、曲折性}}</li>
<li>{{c1::(实践) 艰苦奋斗是实现理想的重要条件}}</li>
</ol>",2020-11-20T08:56:29+08:00,Ethics
46951496-5006-4a5c-8c18-4a44803479a4,"<p>(重要) 坚持个人理想与社会理想的统一</p>
<ol>
<li>{{c1::个人理想以社会理想为指引。社会理想是最根本、最重要的，个人理想从属于社会理想}}</li>
<li>{{c1::社会理想是对个人理想的凝练与升华。}}</li>
</ol>",2020-11-20T08:58:15+08:00,Ethics
ba4964e5-3ec7-43ce-83eb-f20be1dd95b9,"<p>(重要) 习近平大学生立志的三个原则</p>
<ol>
<li>{{c1::立志当高远 (程度)}}</li>
<li>{{c1::立志做大事 (内容)}}</li>
<li>{{c1::立志须躬行 (归宿)}}</li>
</ol>",2020-11-20T09:00:37+08:00,Ethics
e645bdcb-c182-4f66-9213-1a61330fbcc6,"<p>弘扬中国精神</p>
<p>基本内容</p>
<ol>
<li>{{c1::爱国主义为核心的民族精神}}</li>
<li>{{c1::改革创新为核心的时代精神}}</li>
</ol>
<p>民族精神的时代内涵: 四个伟大</p>
<ol>
<li>伟大 {{c1::创造}} 精神</li>
<li>伟大 {{c1::奋斗}} 精神</li>
<li>伟大 {{c1::团结}} 精神</li>
<li>伟大 {{c1::梦想}} 精神</li>
</ol>",2020-11-12T20:36:26+08:00,Ethics
4f368189-c42f-4f66-80f2-cf08b4614323,"<p>爱国主义</p>
<p>爱国主义的基本内涵: <strong>爱国主义是调节个人与祖国之间关系的重要道德要求、政治原则和法律规范，是中华民族精神的核心</strong></p>
<ol>
<li>{{c1::爱祖国的大好河山}}</li>
<li>{{c1::爱自己的骨肉同胞}}</li>
<li>{{c1::爱祖国的灿烂文化}}</li>
<li>{{c1::爱自己的国家}}</li>
</ol>
<p>新时代的爱国主义</p>
<ol>
<li>{{c1::坚持爱国主义和社会主义相统一}}</li>
<li>{{c1::维护祖国统一和民族团结}}</li>
<li>{{c1::尊重和传承中华民族历史和文化}}</li>
<li>{{c1::必须坚持立足民族又面向世界}}</li>
</ol>
<p>要求: {{c1::维护和推进祖国统一，促进民族团结，增强国家安全意识}}</p>",2020-11-20T09:22:35+08:00,Ethics
222361a4-90e5-4200-ad00-c11f22a542ff,"<p>社会主义核心价值观</p>
<p>{{c1::</p>
<ul>
<li>国家层面: 富强、民主、文明、和谐</li>
<li>社会层面: 自由、平等、公正、法治</li>
<li>公民层面: 爱国、敬业、诚信、友善</li>
</ul>
<p>}}</p>
<p>坚定价值观自信</p>
<ul>
<li>历史底蕴: {{c1::深深根植于中华优秀传统文化}}</li>
<li>现实基础: {{c1::中国特色社会主义实践}}</li>
<li>道义力量: {{c1::先进性、人民性、真实性}}</li>
</ul>",2020-11-12T20:37:11+08:00,Ethics
23f6a9c5-621e-4b62-92f5-2ad040e16149,"<p>道德修养</p>
<p>(较重要) 中华传统美德</p>
<ol>
<li>{{c1::注重整体礼仪，强调责任奉献}}</li>
<li>{{c1::推崇“仁爱”原则，注重以和为贵}}</li>
<li>{{c1::提倡人伦价值，重视道德义务}}</li>
<li>{{c1::追求精神境界，向往理想人格}}</li>
<li>{{c1::强调道德修养，注重道德践履}}</li>
</ol>",2020-11-12T21:02:56+08:00,Ethics
31b744ef-0e9e-4b77-b78e-6c1f19ff23a4,"<p>(较重要) 中国革命道德</p>
<ol>
<li>灵魂: {{c1::为实现社会主义和共产主义理想而奋斗}}</li>
<li>一根红线: {{c1::全心全意为人民服务}}</li>
<li>始终把革命利益放在首位</li>
<li>中国革命道德在社会层面上的重要意义: {{c1::树立社会新风，建立新型人际关系}}</li>
<li>修身自律，保持节操</li>
</ol>",2020-11-12T21:05:53+08:00,Ethics
0e87a9ab-e73a-42b8-8d0b-9da9b06ff77a,"<p>社会主义道德</p>
<ul>
<li>核心: {{c1::为人民服务}}</li>
<li>原则: {{c1::集体主义原则}}</li>
</ul>
<p>当个人利益与集体利益发生冲突时，{{c1::在保证个人正当利益的前提下，使个人利益服从于集体利益}}。</p>",2020-11-12T21:08:10+08:00,Ethics
b4f26035-aaab-48d6-b18e-54edd5e7e1e5,"<p>(较重要) 遵守四德</p>
<ol>
<li>社会公德: {{c1::文明礼貌、助人为乐、爱护公物、保护环境、遵纪守法 (基本行为准则)}}</li>
<li>职业道德: {{c1::爱岗敬业 (最基本)、诚实守信、办事公道、服务群众、奉献社会 (最高目标指向)}}</li>
<li>家庭美德</li>
<li>个人品德</li>
</ol>",2020-11-12T21:11:00+08:00,Ethics
8bcb9044-b3d3-4a07-be1f-d1da2fec52d9,"<p>中国的资产阶级</p>
<ol>
<li>{{c1::中等资产阶级: 即民族资产阶级}}</li>
<li>{{c1::大资产阶级: 即官僚资产阶级，操纵国际名声}}</li>
</ol>
<p>(重要) 中国的主要矛盾</p>
<ul>
<li>1840-1949: {{c1::帝国主义与中华民族 (最主要)、封建主义与人民大众}} 的矛盾</li>
<li>1949-1952: {{c1::中国人民同帝国主义、封建主义、官僚资本主义残存势力}} 的矛盾</li>
<li>1953-1956: {{c1::无产阶级同民族资产阶级}} 的矛盾</li>
<li>1956 至今: {{c1::人民日益增长的物质文化需要同落后的社会生产之间}} 的矛盾</li>
</ul>",2020-11-11T17:19:36+08:00,History
d35c07dd-b334-4f2c-a23e-a2ca2bb7422a,"<p>近代中国的两大历史任务</p>
<ul>
<li>{{c1::争取民族独立、人民解放 (解决生产关系和上层建筑的问题)}}</li>
<li>{{c1::实现国家富强、人民富裕 (解决生产力发展的问题)}}</li>
</ul>
<p>区别: 主题、内容、实现方式不同</p>
<p>联系: 前者为后者扫清障碍，创造必要的<strong>前提</strong>；后者是前者的最终目的和必然要求</p>",2020-11-17T09:48:31+08:00,History
fdd6ee96-71ea-4c3c-b6ea-a18a0a3f7a82,"<p>帝国主义未能将中国变为殖民地的原因有</p>
<ol>
<li>根本原因: {{c1::中国人民进行了不屈不挠的反侵略斗争}}</li>
<li>{{c1::帝国主义列强之间的矛盾和相互制约}}</li>
</ol>
<p>反侵略斗争的失败及其原因</p>
<ol>
<li>根本原因: {{c1::社会制度的腐败}}</li>
<li>{{c1::经济技术的落后}}</li>
</ol>",2020-11-11T17:36:03+08:00,History
bbb54593-e6f0-4627-b5bb-3df1a8bdabfd,"<p>民族意识的觉醒</p>
<ol>
<li>近代中国睁眼看世界第一人: {{c1::林则徐 《四洲志》}}</li>
<li>师夷长技以制夷: {{c1::魏源 《海国图志》}}</li>
<li>早期维新思想: {{c1::郑观应}} 《盛世危言》</li>
<li>振兴中华: {{c1::孙中山 (兴中会)}}</li>
<li>救亡: {{c1::严复 《天演论》}}</li>
</ol>",2020-11-17T14:59:43+08:00,History
fa663620-3e5a-494c-9aca-62a50d4c250f,"<p>洋务运动</p>
<p>指导思想: {{c1::中体西用}}</p>
<p>目标: {{c1::自强；求富}}</p>
<p>历史作用</p>
<ol>
<li>{{c1::客观上促进了中国早期工业和民族资本主义的发展}}</li>
<li>{{c1::成为中国近代教育的开端: 官派留学生}}</li>
<li>{{c1::传播了知识，打开了人们的眼界}}</li>
<li>{{c1::引起了社会风气和价值观念的变化: 提高了商人的地位}}</li>
</ol>",2020-11-19T12:34:39+08:00,History
86cd49ca-be7e-4c36-9edf-3ab5fcf2a932,"<p>旧民主主义终结的标志: {{c1::即辛亥革命终结的标志}}</p>
<p>中国人民民族意识普遍觉醒的标志: {{c1::1937 年甲午战争失败以后}}</p>",2020-11-19T12:44:49+08:00,History
e44436d7-9992-4ba4-8381-7fce73f4aa81,"<p>五四运动的发生和发展</p>
<p>五四运动的时代条件和社会历史条件</p>
<ol>
<li>{{c1::(工人阶级的扩大) 新的社会力量的成长壮大，使五四运动获得了广泛的群众基础}}<ul>
<li>经济上，一战时期为第一个资本主义发展的春天</li>
<li>政治上，工人阶级的兴起</li>
</ul>
</li>
<li>{{c1::(共产主义的传播) 新文化运动掀起了思想解放的潮流，为五四运动准备了最初的群众队伍和骨干力量}}</li>
<li>{{c1::(十月革命的胜利) 俄国十月革命对中国产生了巨大影响}}</li>
</ol>
<p>五四运动爆发的直接导火线: {{c1::巴黎和会上中国外交的失败}}</p>
<p>五四运动的过程</p>
<table>
<thead>
<tr>
<th>\</th>
<th>场所</th>
<th>主力军</th>
</tr>
</thead>
<tbody>
<tr>
<td>前期</td>
<td>{{c1::北京}}</td>
<td>{{c1::学生}}</td>
</tr>
<tr>
<td>后期</td>
<td>{{c1::上海}}</td>
<td>{{c1::工人}}</td>
</tr>
</tbody>
</table>
<p>五四运动的意义 (五四运动是新民主主义革命开端的原因)</p>
<ol>
<li>{{c1::表现了反帝反封建的彻底性}}</li>
<li>{{c1::是真正的群众运动}}</li>
<li>{{c1::<big>促进了马克思主义在中国的传播及其与中国工人运动的结合，为中国共产党的成立做了思想和干部上的准备，为新的革命力量、革命文化、革命斗争登上历史舞台创造了条件</big>}}</li>
<li>{{c1::发生于俄国十月革命之后，发生在无产阶级社会主义革命的新时代}}</li>
</ol>
<p>五四以前新文化运动的过程</p>
<table>
<thead>
<tr>
<th>\</th>
<th>场所</th>
<th>主阵地</th>
</tr>
</thead>
<tbody>
<tr>
<td>前期</td>
<td>{{c1::上海}}</td>
<td>{{c1::青年杂志}}</td>
</tr>
<tr>
<td>后期</td>
<td>{{c1::北京}}</td>
<td>{{c1::北大、新青年}}</td>
</tr>
</tbody>
</table>",2020-11-11T18:12:57+08:00,History
7c9e1636-0771-41de-a8ba-db6e52395121,"<p>(重要) 五四运动对中国共产党产生的意义</p>
<ol>
<li>{{c1::促进了马克思主义在中国的传播，促进了马克思主义同中国工人运动的结合}}</li>
<li>{{c1::为中国共产党成立做了思想干部上的准备}}</li>
<li>{{c1::为新的革命力量、革命文化、革命斗争登上历史舞台创造了条件}}</li>
</ol>",2020-11-20T07:23:31+08:00,History
4580a501-c01a-4c3f-8066-5996833b709a,"<p>(重要) 马克思主义在中国的传播</p>
<ul>
<li>开始传播: {{c1::五四运动}}</li>
<li>进一步传播: {{c1::1920 年《共产党宣言》中文首译本的出版}}</li>
<li>在思想文化领域发挥指导作用: {{c1::五四运动以后的新文化运动}}</li>
</ul>",2020-11-20T07:26:09+08:00,History
43786c34-aa10-433c-8316-78e5894daa75,"<ul>
<li>{{c1::中国传播马克思主义第一人、五四运动的总司令}}: {{c1::李大钊}}</li>
<li>{{c1::第一个共产主义小组的负责人、五四运动的总策划}}: {{c1::陈独秀}}</li>
</ul>",2020-11-11T18:27:59+08:00,History
f21367c9-89a6-4b05-90f1-ad5ada5f6ea8,"<p>开天辟地大事变: {{c1::共产党成立}}</p>
<p>中国共产党成立的历史必然性: {{c1::中国的发展进步，客观上要求有能够指导中国人民进行反帝反封建革命的先进理论，有能够领导中国社会变革的先进社会力量。中国共产党的诞生成为历史发展的必然}}</p>",2020-11-17T17:37:24+08:00,History
c161a634-7c33-40da-bc7b-46405d3e44d0,"<p>(很重要) 中国共产党的成立</p>
<p>历史必然性: {{c1::中国的发展进步，客观上要求有能够指导中国人民进行反帝反封建革命的先进理论，有能够领导中国社会变革的先进社会力量。中国共产党的诞生成为历史发展的必然}}</p>
<p>历史意义: <strong>开天辟地的大事变</strong></p>
<ul>
<li>{{c1::中国人民有了一个先进的坚强的政党作为凝聚自己力量的领导核心}}</li>
<li>{{c1::(历史) 深刻改变了近代以后中华民族发展的方向和进程}}</li>
<li>{{c1::(民族) 深刻改变了中国人民和中华民族的前途和命运}}</li>
<li>{{c1::(国际) 深刻改变了世界发展的趋势和格局}}</li>
</ul>",2020-11-17T19:55:50+08:00,History
e2a09449-ec46-4913-9a05-37f6109ef81d,"<p>中国革命的新局面</p>
<ul>
<li>革命纲领: {{c1::反帝反封建 (中共二大)}}</li>
<li>首要问题: {{c1::分清敌友}}</li>
<li>中心问题: {{c1::农民问题}}</li>
<li>最高纲领: {{c1::实现社会主义、共产主义}}</li>
<li>最低纲领: {{c1::打倒军阀; 推翻国际帝国主义的压迫; 统一中国为真正民主共和国}}</li>
<li>方法: {{c1::群众路线}}</li>
<li>工作重点: {{c1::发展工人运动、发动农民}}</li>
</ul>",2020-11-17T19:57:29+08:00,History
dcef03fe-6639-4bbd-8ae6-1623c7333483,"<ul>
<li>第一次国民革命统一战线的主要目标: {{c1::反对帝国主义支持的北洋军阀}}</li>
<li>土地革命战争时期的主要目标: {{c1::反对封建压迫和国民党新军阀统治}}</li>
</ul>
<p>抗日战争时期</p>
<ul>
<li>局部抗战: {{c1::1931-1937::时间}}</li>
<li>全面抗战: {{c1::1937-1945::时间}} {{c1::建立了抗日民族统一战线，以反对日本帝国主义为主要目标::意义}}</li>
<li>抗日战争的中流砥柱: {{c1::中国共产党}}</li>
</ul>",2020-11-11T18:02:51+08:00,History
dd00845a-3eaa-4347-b405-0e2745f9705b,"<p>(重要) 不忘初心，牢记使命 (根本动力)</p>
<ul>
<li>内容: {{c1::为中国人民谋幸福，为中华民族谋复兴}}</li>
<li>意义: {{c1::赢得了人民衷心拥护和坚定支持，是中国共产党不断胜利的根本原因}}</li>
<li>做到不忘初心，牢记使命的关键: {{c1::有正视问题的自觉和刀刃向内的勇气；坚持自我净化、自我完善、自我革新、自我提高}}</li>
</ul>",2020-11-17T17:42:17+08:00,History
22289aff-b244-4a47-be63-75724b49b595,"<p>两个务必</p>
<ol>
<li>{{c1::务必使同志们继续保持谦虚谨慎、不骄不躁的作风}}</li>
<li>{{c1::务必使同志们继续保持艰苦奋斗的作风}}</li>
</ol>",2020-11-11T18:10:25+08:00,History
62994bff-fc95-4781-b342-17d287ecc503,"<p>土地革命的阶级路线: {{c1::依靠贫农、雇农，联合中农，限制富农，保护中小工商业者，消灭地主阶级}}</p>
<p>土地革命的土地分配方法: {{c1::以乡为单位，按人口平分土地，在原耕地的基础上实行抽多补少、抽肥补瘦}}</p>
<p>1931 年制定的阶级路线和土地分配方法的意义: {{c1::中国历史上<strong>第一个</strong>制定的可以付诸实施的比较完整的土地革命纲领和路线}}</p>
<p>土地分配方法的四次调整</p>
<ol>
<li>1928-1931: {{c1::没收地主土地归农民所有}}</li>
<li>1931-1935: {{c1::地主不分田，富农分坏田}}</li>
<li>1937-1945: {{c1::地主减租减息，农民交租交息}}</li>
<li>1946-1948: {{c1::没收地主土地归农民所有，实现耕者有其田}}</li>
<li>1949-1978: {{c1::保存富农经济}}</li>
<li>
<p>1949-1978: {{c1::家庭联产承包责任制}}</p>
</li>
<li>
<p>《在晋绥干部会议上的讲话》: 提出了土地改革总路线，为 {{c1::依赖贫农、团结中农，有步骤、有分别的消灭封建剥削制度，发展农业生产}}</p>
</li>
<li>《井冈山土地法》: <strong>没收一切土地</strong>归苏维埃政府所有，不符合实际</li>
<li>《兴国土地法》: 没收一切公共土地及地主阶级土地，<strong>原则性改正，保护中农利益</strong></li>
<li>《五四指示》: 耕者有其田</li>
<li>《中国土地法大纲》: 废除封建性土地制度，将地主土地分给无地或少地的农民</li>
</ol>",2020-11-11T18:33:16+08:00,History
175a734e-fa50-433d-a0a5-26ae6bcb77db,"<p>解放战争第二条战线的形成</p>
<ul>
<li>第一条战线: {{c1::军事战线}}</li>
<li>第二条战线: {{c1::国民党统治区的配合人民解放战争的人民民主运动}}</li>
</ul>",2020-11-11T18:42:53+08:00,History
7a0f1ef5-649a-4fca-8175-3b2980b31c1c,"<p>新民主主义革命的三大法宝</p>
<ol>
<li>{{c1::统一战线}}<ul>
<li>1925 - 1927 (大革命): 国民革命联合战线</li>
<li>1927 - 1937 (土地革命): 工农民主统一战线</li>
<li>1937 - 1945 (抗日战争): 抗日民族统一战线</li>
<li>1945 - 1949 (解放战争): 人民民主统一战线</li>
</ul>
</li>
<li>{{c1::武装斗争: 工人阶级领导的农民战争}}</li>
<li>{{c1::党的领导}}</li>
</ol>",2020-11-11T18:44:50+08:00,History
2e14ac6e-58dd-477c-86bd-12df707f65a1,"<p>抗日三个重要会议</p>
<ul>
<li>{{c1::一二·九运动}}: {{c2::新高潮}}</li>
<li>{{c1::瓦窑堡会议}}: {{c2::建立了抗日民族统一战线的方针}}</li>
<li>{{c1::洛川会议}}: {{c2::提出全面抗战的路线}}</li>
</ul>
<p>抗日主要战争</p>
<ul>
<li>忻口会战: 合作配合最好</li>
<li>平型关大捷: 国民党胜利</li>
<li>台儿庄大捷: 国民党胜利</li>
</ul>",2020-11-19T19:52:29+08:00,History
60d72e0c-a9be-49c4-ae7f-55c3a7f68149,"<p>全面抗战的路线</p>
<p>对外</p>
<ul>
<li>一个路线: {{c1::全面抗战}}</li>
<li>一个方针: {{c1::持久战}}，重点放在敌后农村</li>
<li>一个战略: {{c1::游击战}}，战略相持阶段是最重要的</li>
</ul>
<p>对内</p>
<ul>
<li>一个原则: {{c1::独立自主}}</li>
<li>一个口号: {{c1::抗战、团结、进步}}</li>
<li>一个策略: {{c1::发展进步势力 (工农小)，争取中间势力 (民，开明绅士，地方实力派)，孤立顽固势力}}</li>
</ul>
<p>对民</p>
<ul>
<li>政治方面<ul>
<li>{{c1::三三制: 共产党员 (工农)、非党的左派进步分子 (小)、不左不右的中间派 (民，开明绅士)}}</li>
<li>{{c1::民主集中制}}</li>
<li>{{c1::民族区域自治}}</li>
</ul>
</li>
<li>经济方面: {{c1::减租减息，发展生产}}</li>
<li>文化方面: {{c1::抗战、团结、民主 (文艺创作三大目标)}}</li>
</ul>
<p>对党</p>
<ul>
<li>{{c1::新民主主义系统阐明: 《共产党人》《中国革命和中国共产党》《新民主主义论》，标志毛泽东思想成熟}}</li>
<li>{{c1::延安整风运动: 反对主观主义以整顿学风 (主要任务，教条主义为重点)，反对宗派主义以整顿党风，反对党八股以整顿文风}}</li>
<li>{{c1::中共七大: 政治路线、三大作风、确定毛泽东思想为党的指导思想}}</li>
</ul>",2020-11-19T20:10:39+08:00,History
dec65a24-cb9b-49a4-99ae-557babb0fca6,"<p>党的路线的总结</p>
<p>会议</p>
<ul>
<li>{{c1::遵义会议}}: {{c2::军事问题、组织问题}}</li>
<li>{{c1::中共七大}}: {{c2::政治路线}}</li>
<li>{{c1::延安整风运动}}: {{c2::思想路线}}</li>
</ul>
<p>文章</p>
<ul>
<li>《论反对日本帝国主义的策略》: 政治路线</li>
<li>《中国革命战争的战略问题》: 军事路线</li>
<li>《实践论》《矛盾论》: 思想路线</li>
</ul>",2020-11-19T21:21:15+08:00,History
49519d2c-eceb-47cd-9b13-e76291e250f6,"<p>毛泽东思想的演变</p>
<table>
<thead>
<tr>
<th>标志</th>
<th>时期</th>
<th>理论内容</th>
</tr>
</thead>
<tbody>
<tr>
<td>初步形成</td>
<td>{{c1::土地革命战争时期}}</td>
<td>{{c1::农村包围城市，武装夺取政权}}</td>
</tr>
<tr>
<td>达到成熟</td>
<td>{{c1::抗日战争时期}}</td>
<td>{{c1::新民主主义理论的系统阐释}}</td>
</tr>
<tr>
<td>继续发展</td>
<td>{{c1::解放战争时期}}</td>
<td>{{c1::人民民主专政理论的完整论述}}</td>
</tr>
</tbody>
</table>",2020-11-19T21:12:27+08:00,History
c380c693-bebc-4e34-b63a-0ade965ce70a,"<p>(十分重要) <strong>抗战胜利的原因</strong></p>
<ol>
<li>{{c1::决定因素: 以爱国主义为核心的民族精神}}</li>
<li>{{c1::关键: 中国共产党的中流砥柱作用}}</li>
<li>{{c1::重要法宝: 全民族抗战}}</li>
<li>{{c1::国际条件: 国外反法西斯力量的同情与支持}}</li>
</ol>",2020-11-18T10:26:00+08:00,History
91ac8b4e-23f3-4a5d-a1c4-51a29e33ce3d,"<p>(十分重要) <strong>抗战胜利的性质与地位</strong></p>
<ol>
<li>{{c1::是正义战胜邪恶、光明战胜黑暗、进步战胜反动的伟大胜利}}</li>
<li>{{c1::是世界反法西斯战胜胜利的重要组成部分}}</li>
<li>{{c1::是值得中华民族和世界各国人民永远铭记的胜利}}</li>
</ol>",2020-11-20T07:30:32+08:00,History
89e303a5-aa0e-487a-b51b-d412ba95ff8f,"<p>(十分重要) <strong>抗战胜利的意义</strong></p>
<ol>
<li>{{c1::是第一次取得完全胜利的民族解放斗争，是中华民族走向伟大复兴的历史转折点}}</li>
<li>{{c1::(对内) 促进了中华民族的大团结，形成了伟大的抗战精神}}</li>
<li>{{c1::(对日) 彻底粉碎了日本军国主义殖民奴役中国的图谋，捍卫了国家主权和领土完整}}</li>
<li>{{c1::(对外) 对世界各国夺取反法西斯战争的胜利、维护世界和平的伟大事业产生了巨大影响，使中国的国际地位显著提高}}</li>
<li>{{c1::(对未来) 开辟了中华民族伟大复兴的光明前景}}</li>
</ol>",2020-11-18T10:26:50+08:00,History
96530241-1b6e-4919-8de9-961ef9503d1e,"<p>(十分重要) <strong>抗战胜利的启示</strong></p>
<ol>
<li>{{c1::坚持中国共产党的领导}}</li>
<li>{{c1::坚持走中国特色社会主义道路}}</li>
<li>{{c1::坚持以人民为中心}}</li>
<li>{{c1::坚持斗争精神}}</li>
<li>{{c1::坚定不移走和平发展道路}}</li>
</ol>",2020-11-20T07:37:29+08:00,History
414f0a2c-4758-42f5-b59b-df0c1aa80de0,"<p>(十分重要) <strong>抗战精神的意义</strong></p>
<ol>
<li>{{c1::向世界展示了天下兴亡匹夫有责的爱国情怀；视死如归的民族气节；抗争到底的英雄气概；坚忍不拔的必胜信念}}</li>
<li>{{c1::是中国人民宝贵的精神财富，将永远激励中国人民克服一切艰难险阻、为实现中华民族伟大复兴而奋斗}}</li>
</ol>",2020-11-20T07:34:53+08:00,History
63f7b1bf-b60e-40f0-88e2-b926336edf12,"<p>抗战胜利至解放战争前期</p>
<ul>
<li>口号: {{c1::和平、民主、团结}}</li>
<li>中心工作: {{c1::<em>练兵</em>、减租、生产}}</li>
</ul>",2020-11-19T22:06:16+08:00,History
80071364-02d5-4781-97c9-24fd38bc3e94,"<p>党的口号</p>
<ul>
<li>抗日战争: {{c1::抗战、团结、进步}}</li>
<li>抗战时期的文艺创作三大目标: {{c1::抗战、团结、民主}}</li>
<li>抗战胜利至解放战争前期: {{c1::和平、民主、团结}}</li>
</ul>",2020-11-19T22:07:29+08:00,History
d93c5469-75ea-49b6-9d31-41a472a327dc,"<p>中华人民共和国成立及其伟大意义</p>
<p>中国进入社会主义社会的标志: {{c1::1956 年三大改造完成 (1949-1956 为新民主主义社会)}}</p>
<p>中华人民共和国成立意义</p>
<ol>
<li>{{c1::<strong>帝国主义</strong>列强压迫中国、奴役中国人民的历史从此结束。中华民族一洗一百多年来蒙受的屈辱，开始以崭新的姿态自立于世界民族之林。}}</li>
<li>{{c1::本国<strong>封建主义、官僚资本主义</strong>统治的历史从此结束，长期依赖受尽压迫和欺凌的光大中国人民在政治上翻了身，第一次成为新社会、新国家的主人。}}</li>
<li>{{c1::<strong>军阀</strong>割据、战乱频繁、匪患不断的历史从此结束。国家基本统一，民族团结，社会政治局面趋向稳定，各族人民开始过上安居乐业的生活。}}</li>
<li>{{c1::从根本上改变了中国社会的发展方向，为实现由新民主主义向社会主义的过渡，创造了政治条件。}}</li>
<li>{{c1::中国共产党成为全国范围内的执政党}}</li>
</ol>",2020-11-12T18:53:51+08:00,History
69a520a4-9b73-4cd3-a1a5-9f8d1dae4e02,"<p>新民主主义社会的建立</p>
<ul>
<li>政治上: {{c1::工人阶级领导的，以工农联盟为基础的，各革命阶级联合专政}} 的政治制度</li>
<li>经济上: {{c1::国营经济领导下的合作社经济 (过渡性质)、个体经济、私人资本主义经济、国家资本主义经济 (过渡性质) 五种经济成分并存}} 的经济制度</li>
<li>文化上: {{c1::民族的、科学的、大众的文化}}</li>
<li>阶级上: {{c1::工人阶级、农民阶级、其他小资产阶级、民族资产阶级}}</li>
<li>主要矛盾: {{c1::(国际) 新中国同帝国主义的矛盾、(国内) 工人阶级和资产阶级的矛盾}}</li>
<li>主要任务: {{c1::反资反私 (社会主义革命)}}</li>
</ul>
<p>民族资产阶级的两面性</p>
<ul>
<li>1949 年以前<ul>
<li>革命性</li>
<li>妥协性</li>
</ul>
</li>
<li>1949 年以后<ul>
<li>剥削性</li>
<li>改造性</li>
</ul>
</li>
</ul>",2020-11-12T19:02:19+08:00,History
a7720abf-4f24-4cb7-b5ce-9e8bbf9243db,"<p>重要会议主题</p>
<ol>
<li>{{c1::1921 年中共一大}}: {{c2::建党}}</li>
<li>{{c1::1922 年中共二大}}: {{c2::反帝反封建革命纲领首次提出}}</li>
<li>{{c1::1923 年中共三大}}: {{c2::共产党人以个人名义加入国民党，促进 1924 年国民合作统一战线}}</li>
<li>{{c1::1924 年国民党一大}}: {{c2::提出新三民主义，实质上建立了国民革命统一战线}}</li>
<li>{{c1::1927 年八七会议}}: {{c2::<strong>枪杆子里出政权</strong>。清算右倾机会主义错误，确定了土地革命和武装反抗国民党反动统治的<strong>总方针</strong>。以军事斗争作为党的工作重心。}}</li>
<li>{{c1::1929 年古田会议}}: {{c2::确立了思想建党、政治建军原则}}</li>
<li>{{c1::1935 年遵义会议}}: {{c2::解决<strong>军事问题</strong>和<strong>组织问题</strong>。生死攸关的转折点。<strong>标志着中共在政治上走向成熟。</strong>}}</li>
<li>{{c1::1935 年瓦窑堡会议}}: {{c2::提出了抗日条件下与民族资产阶级<strong>重建统一战线</strong>的新政策}}</li>
<li>{{c1::陕北洛川会议}}: {{c2::提出全面抗战的路线}}</li>
<li>{{c1::1938 年六届六中全会}}: {{c2::提出马克思主义中国化命题}}</li>
<li>{{c1::1945 年中共七大}}: {{c2::确定<strong>毛泽东思想</strong>为党的指导思想}}</li>
<li>{{c1::1949 年中共七届二中全会}}: {{c2::提出党的工作重心从乡村转移到城市；提出了“两个务必”的要求}}</li>
<li>{{c1::1956 年中共八大}}: {{c2::分析了中国在社会主义改造完成后中国社会的主要矛盾 (劳动人民日益增长的物质文化需要同落后的社会生产力之间的矛盾) 和主要任务 (进行社会主义建设；对经济建设、政治建设、执政党建设提出了正确的指导方针；提出了“三个主体、三个补充”的重要思想)}}</li>
<li>{{c1::1978 年十一届三中全会}}: {{c2::重新确立了马克思主义的思想路线、政治路线、组织路线；把党和国家的工作重点转移到社会主义现代化建设上来；实行改革开放的战略决策}}</li>
<li>{{c1::1978 年十一届六中全会}}: {{c2::标志着拨乱反正的胜利完成}}</li>
<li>{{c1::1982 年中共十二大}}: {{c2::提出“建设有中国特色社会主义命题”}}</li>
<li>{{c1::1987 年中共十三大}}: {{c2::比较系统地阐述了社会主义初级阶段理论}}</li>
<li>{{c1::1992 年中共十四大}}: {{c2::缺额里社会主义市场经济体制的改革目标}}</li>
<li>{{c1::1997 年中共十五大}}: {{c2::确立了<strong>邓小平理论</strong>为党的指导思想；第一次明确提出我国基本经济制度为“公有制为主，多种所有制经济共同发展”}}</li>
<li>{{c1::2002 年中共十六大}}: {{c2::确立了<strong>三个代表重要思想</strong>为党的指导思想，明确全面建设小康社会的<strong>奋斗目标</strong>}}</li>
<li>{{c1::2007 年中共十七大}}: {{c2::提出全面建设小康社会的<strong>新要求</strong>}}</li>
<li>{{c1::2012 年中共十八大}}: {{c2::确立了<strong>科学发展观</strong>为党的指导思想，确立了全面建成小康社会的<strong>战略目标</strong>}}</li>
<li>{{c1::2017 年中共十九大}}: {{c2::中国特色社会主义进入了新时代，形成了习近平新时代中国特色社会主义思想}}</li>
</ol>",2020-11-19T12:25:06+08:00,History
f6ae8f78-1a53-422c-bec5-bcf09fac8d85,<p>“两个转变”指 {{c1::从唯心主义向唯物主义、从革命民主主义向共产主义的转变}}，为创立马克思主义奠定了 {{c1::思想前提}}。</p>,2020-11-05T20:48:04+08:00,Marxism
6e70b2a0-5b54-4f2f-ae25-6634c4d5d430,<p>马克思一生的两个伟大发现为 {{c1::唯物史观、剩余价值学说}}</p>,2020-11-05T20:51:01+08:00,Marxism
4f7a2da3-b8ea-4548-9ae1-c61ac5181c07,"<p>马克思主义的</p>
<ul>
<li>创立主体: {{c1::马克思、恩格斯}}</li>
<li>阶级属性: {{c1::关于无产阶级和人类解放的科学}}</li>
<li>基本组成部分: {{c1::马克思主义哲学、马克思主义政治经济学、科学社会主义 (核心)}}</li>
<li>理论来源: 三大先进思潮 (德国古典哲学、英国古典政治经济学、英法空想社会主义，<strong>为直接理论来源</strong>)、三大科学发现 (细胞学说、能量转化与守恒定律、生物进化论)</li>
<li>产生的社会根源（经济、历史条件）: {{c1::资本主义经济的发展}}</li>
</ul>
<p>马克思主义产生的条件</p>
<ol>
<li>生产力的发展、资本主义矛盾日益激化 {{c1::(最重要)::特点}}</li>
<li>无产阶级在反对资产阶级斗争中逐步走向自觉，对科学理论的指导提出了强烈的需求 {{c1::(马克思主义产生的阶级基础和实践基础)::特点}}</li>
<li>马克思、恩格斯的革命实践和对人类文明成果的继承与创新 {{c1::(主观条件)::特点}}</li>
</ol>",2020-11-12T22:28:03+08:00,Marxism
3de3dad1-06ad-4eae-b36a-4e2c2a8a1768,"<p>马克思主义的鲜明特征</p>
<ol>
<li>{{c1::科学性: 是对自然、社会、人类思维发展本质和规律的正确反映}}</li>
<li>{{c1::革命性: 表现为其彻底的批判精神和鲜明的无产阶级立场。革命性建立在科学性基础之上。}}</li>
<li>{{c1::实践性: 从实践中来，到实践中去，在实践中接受检验，并随实践而不断发展。实践性是马克思主义区别与其他理论的显著特征。}}</li>
<li>{{c1::人民性: 人民至上是马克思主义的政治立场。}}</li>
<li>{{c1::发展性: 具有与时俱进的理论品质。}}</li>
</ol>
<p>马克思主义的当代价值</p>
<ol>
<li>观察当代世界变化的认识工具</li>
<li>指引当代中国发展的行动指南</li>
<li>引领人类社会进步的科学真理</li>
</ol>",2020-11-12T22:45:32+08:00,Marxism
8b1e01c4-fa31-4429-a156-67cbb99ae562,"<ul>
<li>{{c1::《资本论》}} 被誉为 {{c2::工人阶级的圣经}}</li>
<li>{{c1::《共产党宣言》}} 是 {{c2::人类思想史上的一个伟大事件}}</li>
<li>{{c1::《德意志意识形态》}} 的意义为 {{c2::第一次比较系统的阐述了历史唯物主义基本原理}}</li>
</ul>",2020-11-12T22:38:52+08:00,Marxism
87d95ce1-d35e-4337-8e3b-f94f6dafe0c5,<p>{{c1::恩格斯}}总结哲学发展的历史，明确提出{{c1::思维(意识)和存在(物质)的关系}}问题是哲学的基本问题</p>,2020-11-05T20:11:56+08:00,Marxism
fc126612-5f3d-4cba-a6ee-90c4f1dd2ee3,"<p>哲学的基本问题为 {{c1::存在(物质)与思维(意识)的关系问题}}，其内容为：</p>
<ul>
<li>{{c1::思维和存在何者是第一性 (物质和意识何者为本原)，区分唯物、唯心主义}}</li>
<li>{{c1::思维和存在有无同一性 (意识是否可以反映物质，区分可知论、不可知论)}}</li>
</ul>
<p>物质的唯一特性是 {{c1::客观实在性}}</p>",2020-11-13T06:19:37+08:00,Marxism
88644ee5-4965-403b-85a4-eeb5ebd41a08,"<p>时间和空间的特点</p>
<ol>
<li>时间的特点: {{c1::一维性}}</li>
<li>空间的特点: {{c1::三维性}}</li>
</ol>
<p>物质运动与时间和空间的关系 (即 {{c1::内容与形式}} 的关系)</p>
<p>物质运动与时空不可分割。时空是<strong>物质运动的存在形式，具有客观性</strong></p>
<p>时空的特性</p>
<ul>
<li>有限性: <strong>具体物质形态</strong> 的时空是有限的</li>
<li>无限性: <strong>整个物质世界</strong> 的时空是无限的</li>
<li>绝对性: 时空的 <strong>客观实在性</strong> 是不变的</li>
<li>相对性: 物质运动时间和空间的具体特征是相对的</li>
</ul>",2020-11-13T19:33:00+08:00,Marxism
4d3320ab-b44c-45b6-8036-99116158b8b4,"<p>社会历史观的基本问题为 {{c1::社会存在与社会意识的关系问题}}，其内容为：</p>
<ul>
<li>{{c1::唯物史观：社会存在决定社会意识}}</li>
<li>{{c1::唯心史观：社会意识决定社会存在}}</li>
</ul>",2020-11-05T21:37:14+08:00,Marxism
91aaf588-6dfa-45bb-9ee9-d82e3ecbe887,"<p>哲学的方法论包括</p>
<ul>
<li>{{c1::辩证法：联系和发展的眼光看问题}}: 发展的根本原因在于事物的内部矛盾</li>
<li>{{c1::形而上学：孤立和静止的眼光看问题}}: 否认事物内部矛盾的存在和作用</li>
</ul>",2020-11-05T21:28:44+08:00,Marxism
65ced32c-9c1d-45ac-b00a-dfa9e361c04a,"<p>唯物主义的三种形态</p>
<ul>
<li>古代朴素唯物主义: {{c1::自发猜测，未经哲学论证 (水是物质的起源)}}</li>
<li>近代形而上学唯物主义 (狭义上的旧唯物主义): {{c1::自然科学角度论证 (原子是物质的起源)}}</li>
<li>现代辩证唯物主义</li>
</ul>",2020-11-05T21:10:57+08:00,Marxism
5d7fc484-831e-4770-be7c-b4175598f0dd,"<p>唯心主义的分类</p>
<ul>
<li>主观唯心主义: {{c1::凭借内在意志、感觉、经验}}</li>
<li>客观唯心主义: {{c1::凭借客观意志（上帝）}}</li>
</ul>",2020-11-05T21:14:33+08:00,Marxism
74dce874-465a-401e-88f2-dac698428907,<p>物质是 {{c1::不依赖于人的意识而存在，并能为人的意识所反映的客观存在}}</p>,2020-11-05T21:49:20+08:00,Marxism
b51637fe-8d78-4a0b-8e71-ba1c215f7257,"<p>马克思主义物质观的理论意义</p>
<ol>
<li>{{c1::(唯物) 坚持了唯物主义，同唯心主义、二元论划清了界限}}</li>
<li>{{c1::(可知) 坚持了能动的反映论和可知论，有力地批判了不可知论}}</li>
<li>{{c1::(共性) 坚持了唯物论与辩证法的统一，主张客观实在性是物质的共性}}</li>
<li>{{c1::(彻底) 坚持了唯物主义自然观与唯物主义历史观的统一}}</li>
</ol>",2020-11-05T21:46:04+08:00,Marxism
a4b94fcc-ea4d-452d-94ce-dd130bd4db59,"<p>物质与运动的关系</p>
<ol>
<li>{{c1::运动是物质的存在方式与根本属性}}</li>
<li>{{c1::物质是一切运动变化和发展过程的承担者}}</li>
</ol>",2020-11-05T21:57:51+08:00,Marxism
b53c7835-8c96-4d6e-a173-c83eff0227f3,"<ul>
<li>设想不运动的物质将导致 {{c1::形而上学，<strong>绝对主义</strong>}}</li>
<li>设想无物质的运动将导致 {{c1::唯心主义}}</li>
<li>夸大绝对运动而否认相对静止将导致 {{c1::相对主义诡辩论}}</li>
<li>夸大相对静止而否认绝对运动将导致 {{c1::形而上学不变论}}</li>
</ul>
<p>相对静止: 物质的 {{c1::空间位置}} 和 {{c1::根本性质}} 暂时不变</p>",2020-11-05T22:05:34+08:00,Marxism
724d702c-bb64-476c-ac58-d0f8cd91c0a3,"<p>物质与意识的关系: {{c1::物质决定意识，意识对物质具有反作用}}</p>
<p>意识的起源</p>
<ol>
<li>意识是 {{c1::自然界长期发展}} 的产物</li>
<li>
<p>意识是 {{c1::社会历史发展}} 的产物</p>
</li>
<li>
<p>意识产生的决定性因素为 {{c1::社会实践 esp. 劳动}}</p>
</li>
<li>意识产生的物质外壳 {{c1::语言}}</li>
</ol>
<p>意识的形成经历了三个发展阶段: 一切物质所具有的反应特性, 低等生物的刺激感应性, 高等动物的感觉和心理，最终成为人类的意识</p>",2020-11-06T17:56:25+08:00,Marxism
930fa1a5-2a6b-4952-94b9-303b61d949b8,"<p>意识的本质</p>
<ul>
<li>意识的本质是 {{c1::客观世界的主观映像}}，是 {{c1::客观世界和主观形式的统一}}，{{c1::<em>意识有时表现为虚假映像，但虚假映像也有其客观原型</em>}}</li>
<li>意识的主观形式包括 {{c1::感性认识、理性认识}}</li>
<li>意识在内容上是 {{c1::客观::客观/主观}} 的，形式上是 {{c1::主观::客观/主观}} 的。</li>
</ul>",2020-11-14T18:22:50+08:00,Marxism
826ed639-d3d1-436b-830d-d502f55c6557,"<p>(重要) 意识的能动作用表现在</p>
<ol>
<li>{{c1::具有目的性和计划性}}</li>
<li>{{c1::具有创造性}}</li>
<li>{{c1::<strong>具有指导实践改造客观世界的作用（最突出）</strong>}}</li>
<li>{{c1::具有调控人的行为和生理活动的作用}}</li>
</ol>
<p>方法论: {{c1::要充分发挥意识的能动作用，必须遵循客观规律，从现实条件出发，勇于实践。}}</p>",2020-11-06T18:04:44+08:00,Marxism
afdbabdf-9fd6-4d6a-83a7-2daab91ad750,"<p>(重要) 主观能动性与客观规律性的统一</p>
<p>如何把握主观能动性与客观规律性的关系</p>
<p>{{c1::</p>
<ol>
<li>尊重客观规律 <span style=""opacity: 0.7;"">是正确发挥主观能动性的</span>前提</li>
<li>充分发挥主观能动性 <span style=""opacity: 0.7;"">以正确认识和利用客观规律</span></li>
<li>实践 <span style=""opacity: 0.7;"">是客观规律性与主观能动性的</span>基础</li>
</ol>
<p>}}</p>
<p>正确发挥主观能动性的前提和条件</p>
<p>{{c1::</p>
<ol>
<li>从实际出发，努力认识和把握事物的发展规律，这是正确发挥主观能动性的前提</li>
<li>实践是发挥人的主观能动性的基本途径</li>
<li>依赖于一定的物质条件和物质手段</li>
</ol>
<p>}}</p>",2020-11-14T18:34:48+08:00,Marxism
f954abee-054d-4fba-93cb-273f02b6ded2,"<p>客观规律</p>
<p>规律是指 {{c1::事物发展中本身所固有的本质的、必然的、稳定的联系}}</p>
<p>规律的特性</p>
<ul>
<li>{{c1::稳定性 (重复性)}}</li>
<li>{{c1::客观性 (不以人的意志为转移)}}</li>
</ul>
<p>自然规律和社会规律的区别</p>
<ol>
<li>{{c1::实现方式上: 自然规律自发实现，社会规律通过人的参与实现}}</li>
<li>{{c1::重复程度上: 自然规律高，社会规律低}}</li>
</ol>",2020-11-14T18:39:02+08:00,Marxism
4ef89127-371a-4330-b738-abaad3235d5d,"<p>世界的物质统一性原理</p>
<ol>
<li>{{c1::意识统一于物质: 意识起源上是客观世界长期发展的产物，本质上是客观世界的主观映像，作用上可以能动的改造客观世界}}</li>
<li>{{c1::人类社会统一于物质: 人类社会物质性集中体现在实践}}</li>
</ol>",2020-11-14T18:50:26+08:00,Marxism
d68b9a0f-3997-40ab-9149-369b229ccca2,"<p>联系与发展 (两大特征)</p>
<p>联系的含义是 {{c1::事物内部各要素之间和事物之间相互影响、相互制约、相互作用的关系}}</p>
<p>联系的特点是 {{c1::客观性、普遍性、多样性、条件性}}</p>",2020-11-06T18:15:45+08:00,Marxism
44e25f51-40be-490f-b329-869d9bd67ff9,"<p>联系的客观性: 不以人的意志为转移</p>
<p>联系的普遍性</p>
<ol>
<li>{{c1::(内部联系) 任何事物都具有内在的结构性}}</li>
<li>{{c1::(外部联系) 任何事物都与其他事物处于一定的联系之中}}</li>
<li>{{c1::(整体) 整个世界是相互联系的统一整体}}</li>
</ol>
<p>方法论: {{c1::要求我们确立整体性、开放性观念，从动态中考察事物的普遍联系 (正确处理人与自然、人与社会的关系)；从事物的固有联系中把握事物，充分发挥主观能动性，积极创造条件，建立新的联系，促进事物向有利于人类的方向发展}}</p>",2020-11-14T19:10:49+08:00,Marxism
a49f14c2-93b5-41d8-ac2a-adb74442ef53,"<p>事物的发展是一个过程</p>
<ol>
<li>一切事物只有经过一定的过程，才能实现自身的发展</li>
<li>一切事物都有期产生、发展和转化为其他事物的历史，都有它的过去、现在和未来</li>
<li>世界不是既成事物的集合体，而是过程的集合体</li>
<li>把世界看作是永恒不变的既成事物的集合体，这是形而上学的思想特征</li>
</ol>
<p>事物辩证发展的过程：{{c1::肯定}} → {{c1::否定}} → {{c1::否定之否定}}</p>",2020-11-07T17:38:31+08:00,Marxism
ae2f75c7-5c32-431f-ad86-e801c228124c,"<p>唯物辩证法的基本范畴</p>
<ul>
<li>{{c1::内容与形式}}</li>
<li>{{c1::本质与现象}}</li>
<li>{{c1::原因与结果}}</li>
<li>{{c1::必然与偶然}}</li>
<li>{{c1::现实与可能}}</li>
</ul>",2020-11-14T20:01:49+08:00,Marxism
11d6e943-303c-41c4-9634-7f577a4029e0,"<p>基本范畴 - 内容与形式</p>
<p>内容和形式的关系: {{c1::(对立统一) 相互依存，一定条件下相互转化，内容与形式处在矛盾运动中}}</p>
<p>方法论: {{c1::做到内容与形式相统一，反对形式主义}}</p>",2020-11-14T20:02:37+08:00,Marxism
6f5f7043-71c2-4535-9a79-fc8f0c6cb053,"<p>基本范畴 - 本质与现象</p>
<p>本质与现象的关系: {{c1::(对立统一) 对立：本质和现象是表面的、外显的；现象是个别、具体的，本质是一般、普遍的；现象有真象和假象之分。
                                   统一：本质与现象是统一的本质和现象相互联系，相互依存，本质决定现象，现象表现本质。}}</p>
<p>假象 (客观范畴) 会引起错觉 (主观范畴)</p>
<p>方法论: {{c1::做到透过现象看本质}}</p>",2020-11-14T20:07:00+08:00,Marxism
5292aa9d-77ec-4863-8c7a-6b59f5121006,"<p>基本范畴 - 原因与结果</p>
<p>原因与结果的关系</p>
<p>{{c1::(对立统一)</p>
<p>对立：原因与结果是相互区别的。</p>
<p>统一：原因与结果相互依存，相互转化。</p>
<ol>
<li>任何原因都必然引起一定的结果，任何结果都是有一定原因引起的</li>
<li>原因与结果相互作用</li>
<li>原因与结果相互渗透</li>
<li>原因与结果的关系复杂多样</li>
</ol>
<p>}}</p>
<p>方法论: {{c1::做到追根溯源}}</p>",2020-11-14T20:13:36+08:00,Marxism
d6d7f2cd-6c6d-450c-98ed-ce42f7355f9f,"<p>基本范畴 - 必然与偶然</p>
<p>必然是<em>事物联系与发展中的确定的趋势</em>，偶然是<em>事物联系月发展过程中不确定的趋势</em>。
<strong>偶然是必然的表现形式</strong>。</p>
<p>必然与偶然的关系: {{c1::(对立统一) 对立：产生和形成的原因不同、表现形式不同、在事物发展中的地位和作用不同。
                                   统一：必然与偶然相互依存、一定条件下相互转化；必然通过偶然表现出来，并为自己开辟道路}}</p>
<p>方法论: {{c1::抓偶然机遇法。善于从偶然中发现必然，把握有利于事物发展的机遇}}</p>",2020-11-14T20:20:37+08:00,Marxism
cda1a702-4155-47a6-af49-4f7eec46f80f,"<p>基本范畴 - 现实与可能</p>
<p>现实是相互联系着的实际存在的事物和综合；可能是指包含在事物中预示事物发展前途的趋势</p>
<p>现实与可能的关系: {{c1::(对立统一) 对立：现实是当下的客观存在，可能是事物潜在的趋势。统一：现实与统一在一定条件下相互转化}}</p>
<p>方法论: {{c1::立足现实，分析可能}}</p>
<p>现实的可能性与抽象的可能性的区别: {{c1::现实中的根据和条件是否充分}}</p>
<ul>
<li>现实的可能性指 {{c1::条件很充分，马上就会实现}}</li>
<li>抽象的可能性指 {{c1::条件不充分，需要很长时间实现}}</li>
</ul>",2020-11-14T20:27:37+08:00,Marxism
6119103f-3a92-4d3d-be4f-c9a8163d2591,"<p>(很重要, 矛盾分析法) 对立统一规律是唯物辩证法的实质和核心</p>
<ol>
<li>{{c1::(动力) 对立统一规律揭示了事物普遍联系的根本内容和变化发展的内在动力}}</li>
<li>{{c1::(规律) 对立统一规律是贯穿量变质变规律，否定之否定规律，唯物辩证法基本范畴的中心线索}}</li>
<li>{{c1::(方法) 对立统一规律提供了人们认识世界、改造世界的根本方法——矛盾分析法}}</li>
<li>{{c1::(实质) 是否承认对立统一规律是唯物辩证法和形而上学对立的实质}}</li>
</ol>",2020-11-15T06:12:21+08:00,Marxism
d2f02268-5b7c-4f8a-b779-ec94eebc06b6,"<p>(重要) 矛盾的普遍性和特殊性 <strong>(中国特色)</strong></p>
<ul>
<li>普遍性 (共性): {{c1::矛盾存在于一切事物中，存在于一切事物发展过程始终。承认矛盾的普遍性是一切科学认识的<em>首要前提</em>}}</li>
<li>特殊性 (个性): {{c1::具体事物在其运动中的矛盾及每一矛盾的各个方面各有其特点。认识到矛盾的特殊性是<em>解决问题的关键</em>}}<ol>
<li><strong>不同事物</strong>的矛盾各有其特点</li>
<li>同一事物的矛盾在不同发展过程和发展的<strong>不同阶段</strong>各有其特点</li>
<li>构成事物的诸多矛盾与每一矛盾的不同方面各有不同的性质、地位和作用。(矛盾力量的不平衡性)</li>
</ol>
</li>
<li>关系: {{c1::<strong>(辩证统一)</strong> 共性寓于个性，个性包含共性，任何事物都是共性和个性的统一}}</li>
</ul>
<p>意义: {{c1::建设中国特色社会主义的哲学基础}}</p>
<p>方法论:</p>
<ul>
<li>矛盾的普遍性: {{c1::正视矛盾，解决矛盾}}</li>
<li>矛盾的特殊性: {{c1::具体问题具体分析，用不同的方法解决不同的矛盾}}</li>
</ul>
<p>解决矛盾的形式</p>
<ol>
<li>矛盾一方克服另一方</li>
<li>矛盾双方同归于尽</li>
<li>矛盾双方形成协同运动的新形式</li>
<li>矛盾双方融合成一个新事物</li>
</ol>",2020-11-07T17:59:35+08:00,Marxism
768d37d6-609a-424c-a5c9-9153bb79e352,"<p>(重要) 矛盾的同一性和斗争性</p>
<ul>
<li>同一性: {{c1::矛盾双方相互依存；相互贯通，在一定条件下相互转化}}</li>
<li>斗争性: {{c1::矛盾的对立面之间相互排斥，相互分离}}</li>
<li>关系: {{c1::(辩证统一) 异是同的前提；同制约着异的形式、规模、范围}}</li>
</ul>
<p>矛盾的同一性和斗争性在事物发展中的作用</p>
<p>{{c1::异是无条件的绝对的，同是有条件的相对的。两者相结合，构成事物的矛盾运动，促进事物的发展}}</p>
<p>矛盾的同一性在事物发展中的作用</p>
<ol>
<li>矛盾双方可以 {{c1::<em>利用</em>对方的发展}} 使自己获得发展</li>
<li>矛盾双方可以 {{c1::<em>吸取</em>对方有利于自己的因素，在相互作用中}} 使自己获得发展</li>
<li>矛盾双方可以 {{c1::向自己的对立面<em>转化</em>而得到发展}} 使自己获得发展</li>
</ol>
<p>矛盾的斗争性在事物发展中的作用</p>
<ol>
<li>{{c1::斗争推动矛盾双方力量对比发生变化，<em>推动事物的量变</em>}}</li>
<li>{{c1::斗争促使矛盾双方<em>地位</em>或<em>性质</em>发生转化，<em>推动事物的质变</em>}}</li>
</ol>
<p>事物发展的根本原因在于事物<strong>内部</strong>的矛盾</p>
<p>方法论: {{c1::必须从对立中把握同一，同一中把握对立；充分发挥主观能动性，积极创造条件，推动矛盾转化，促进事物向有利于人类的方向发展}}</p>",2020-11-07T17:45:41+08:00,Marxism
5f83c0d2-12db-4855-984e-01d32aced176,"<p>质、量、度的关系</p>
<ul>
<li>质: (不同事物) 事物的内在规定性</li>
<li>量: (事物内部) 事物的外在规定性</li>
<li>度: 保证事物质的稳定性的数量界限</li>
</ul>
<p>方法论: 在认识和处理问题时药掌握适度的原则</p>
<p>(重点) 量变和质变的规律</p>
<ol>
<li>{{c1::量变是质变的必要准备}}</li>
<li>{{c1::质变是量变的必然结果}}</li>
<li>{{c1::量变和质变是相互渗透的}}</li>
</ol>
<p>方法论: {{c1::是无产阶级政党制定路线、方针、政策的重要理论依据; 是分析社会发展形式的基本理论工具，对正确处理社会主义改革、发展、稳定的关系具有指导意义; 是指导我们从事一切实践活动的重要思想原则。}}</p>",2020-11-06T18:45:34+08:00,Marxism
1617f610-4a1e-4b5f-9cea-ac5ea131be96,"<p>辩证否定观的基本内容</p>
<ol>
<li>{{c1::否定是事物的自我否定}}</li>
<li>{{c1::否定是事物发展的环节}}</li>
<li>{{c1::否定是新旧事物联系的环节}}</li>
<li>{{c1::否定的实质是“扬弃”}}</li>
</ol>
<p>方法论: {{c1::对一切事物采取科学的分析态度，不能肯定一切或否定一切}}</p>
<p>发展的实质是 {{c1::新事物的产生和旧事物的灭亡}}</p>",2020-11-07T17:42:03+08:00,Marxism
db9a673b-d960-44ee-aa2c-d2aac17d8a01,"<p>客观辩证法与主观辩证法</p>
<ul>
<li>客观辩证法是客观事物或客观存在的辩证法 (客观存在的)</li>
<li>主观辩证法是人类认识和思维运动的辩证法 (人类创造的)</li>
</ul>
<p>唯物辩证法是伟大的认识工具</p>
<ol>
<li>{{c1::唯物辩证法}} 是马克思主义世界观方法论的<strong>核心内容</strong></li>
<li>唯物辩证法按其本质来说，具有批判地、革命的精神</li>
<li>{{c1::矛盾分析法 (即对立统一规律)}} 是根本的认识方法</li>
</ol>",2020-11-15T09:48:37+08:00,Marxism
67c855bc-97cb-4646-a86e-3f948237e852,"<p>辩证思维方法</p>
<ul>
<li>归纳与演绎: 从共性到个性、再由个性到共性的基本思维方法</li>
<li>分析与综合: 比归纳与演绎更为深刻的思维方法。其<strong>客观基础</strong>为事物的整体与部分、系统与要素之间的关系。</li>
<li>抽象与具体: 辩证思维的高级形式。<ul>
<li>感性具体: {{c1::人的认识的起点，不深刻}}</li>
<li>思维抽象: {{c1::对具体事物某一本质方面的认识}}</li>
<li>思维具体 (理性具体)</li>
</ul>
</li>
<li>逻辑与历史: 逻辑的东西是修正过的历史的东西</li>
</ul>",2020-11-15T09:52:01+08:00,Marxism
c31f320e-0208-43eb-9fac-beed6db72ab5,"<p>认识论</p>
<ol>
<li>基础: {{c1::实践}}</li>
<li>本质: {{c1::能动反映}}</li>
<li>过程: {{c1::两次飞跃（感性认识→理性认识；理性认识→实践）}}</li>
<li>目的: {{c1::改造世界}}</li>
</ol>",2020-11-08T18:46:32+08:00,Marxism
cb89cf27-ca5e-4388-a288-4ea659a46817,"<p>实践的本质是 {{c1::人类能动改造世界的社会性的物质活动}}</p>
<p>实践的基本特征</p>
<ol>
<li>{{c1::直接现实性}}: 与认识相区别，<em>不是纯粹的精神活动</em></li>
<li>{{c1::自觉能动性}}: 与本能相区别，是<em>有目的、有意识</em>的活动</li>
<li>{{c1::社会历史性}}: 与旧哲学实践观相区别，是<em>社会性的</em>活动。<strong>实践的社会性决定其历史性</strong>。</li>
</ol>",2020-11-07T18:20:09+08:00,Marxism
9a3e73c0-81ac-4fa4-880a-d474c27374fd,"<p>实践的基本结构</p>
<p>实践的三项基本要素</p>
<ol>
<li>主体: {{c1::具有一定的主体能力、从事现实社会实践的人}}</li>
<li>客体: {{c1::实践活动所指向的一切对象（‡客观存在）}}</li>
<li>中介: {{c1::各种形式的工具、手段、程序、方法}}</li>
</ol>
<p>实践主体和客体相互作用的关系</p>
<ol>
<li>{{c1::认识关系}}</li>
<li>{{c1::实践关系 (最根本)}}</li>
<li>{{c1::价值关系: 实践活动目的是为了满足主体的需要}}</li>
</ol>",2020-11-07T18:28:16+08:00,Marxism
1dcab75c-a9b9-4e65-b4a5-aa86ef4742a5,"<p>实践的基本类型</p>
<ol>
<li>{{c1::物质生产实践 (即劳动，<em>最基本的实践活动</em>)}}</li>
<li>{{c1::社会政治实践 (处理人与人之间的关系)}}</li>
<li>{{c1::科学文化实践}}</li>
<li>{{c1::虚拟实践}}</li>
</ol>",2020-11-07T18:32:51+08:00,Marxism
051f5025-0233-46b4-b97d-ebd73e8a6461,"<p>(重要) 实践在认识活动中的决定作用</p>
<ol>
<li>{{c1::实践是认识的来源<span style=""opacity: 0.7;"">，包含直接经验、间接经验</span>}}</li>
<li>{{c1::实践是认识发展的动力}}</li>
<li>{{c1::实践是认识的目的: 实践的发展不断提出认识的新课题; 实践为认识的发展提供了手段和条件; 实践锻炼和提高了认识发展的能力}}</li>
<li>{{c1::实践是检验认识真理性的唯一标准}}</li>
</ol>
<p>认识对实践的指导作用: {{c1::正确的认识对实践活动起促进作用，错误的认识起阻碍作用}}</p>",2020-11-07T18:35:19+08:00,Marxism
1ac6c3b7-4fdd-48c1-aa74-1cb268f088de,"<p>认识的本质: {{c1::主体在实践基础上对客体的能动反映}}</p>
<ul>
<li>唯物主义反映论: {{c1::从物到思想和感觉}}<ul>
<li>旧唯物主义置管反映论 (形而上学唯物主义认识论): {{c1::离开<em>实践</em>和<em>辩证法</em>考察认识问题}}</li>
<li>辩证唯物主义能动反映论: {{c1::具有<em>摹写性</em>和<em>创造性</em> (源于生活，高于生活)，摹写性与创造性是不可分割的。}}</li>
</ul>
</li>
<li>唯心主义先验论: {{c1::从思想和感觉到物}}</li>
</ul>",2020-11-08T18:51:14+08:00,Marxism
7634a0ee-3ad2-450f-a4d7-b00447703e9b,"<p>从实践到认识</p>
<ul>
<li>感性认识的表现形式为 {{c1::感觉 (对事物外在特征的认识)、知觉 (各种感觉的综合)、表象 (对感知觉事后的回忆)}}</li>
<li>理性认识的表现形式为 {{c1::概念、判断 (对概念的解释)、推理 (由已知判断过度到新的判断)}}</li>
</ul>
<p>感性认识与理性认识的辩证关系（区别与联系）</p>
<p>{{c1::</p>
<table>
<thead>
<tr>
<th>区别</th>
<th>感性认识</th>
<th>理性认识</th>
</tr>
</thead>
<tbody>
<tr>
<td>对象不同</td>
<td>对事物外部联系的反映</td>
<td>对事物内部联系的反映</td>
</tr>
<tr>
<td>形式不同</td>
<td></td>
<td></td>
</tr>
<tr>
<td>特点不同</td>
<td>直接性</td>
<td>间接性、抽象性</td>
</tr>
</tbody>
</table>
<p>联系: 互相依存，相互包含，相互渗透</p>
<ol>
<li>感性认识是理性认识的基础</li>
<li>感性认识有待于发展和深化为理性认识</li>
<li>感性认识和理性认识相互包含，相互渗透。</li>
</ol>
<p>}}</p>
<p>感性认识与理性认识统一的基础是 {{c1::实践}}</p>
<ul>
<li>唯理论: 片面强调<em>理性</em>认识的可靠性，表现为 {{c1::教条主义}}</li>
<li>经验论: 片面强调<em>感性</em>认识的可靠性，表现为 {{c1::经验主义}}</li>
</ul>",2020-11-08T18:59:16+08:00,Marxism
059dac58-5283-4585-8038-358b0c0c583a,"<p>(重要) 认识过程的反复性 (两次飞跃): {{c1::人对复杂事物的认识经过感性认识→理性认识;理性认识→实践的多次反复才能完成}}</p>
<ol>
<li>客观来看, {{c1::事物的各个侧面及其本质的暴露有一个过程}}</li>
<li>主观来看, {{c1::人的认识能力有一个提高的过程}}</li>
</ol>
<p>方法论</p>
<p>(较重要) 感性认识→理性认识</p>
<p>{{c1::</p>
<ol>
<li>在实践的基础上尽可能获取丰富和合乎实际的感性材料。</li>
<li>运用辩证思维的科学方法，经过理性思想的作用，对丰富的感性材料加以去粗取精、去伪存真、由此及彼、由表及里地制作加工。</li>
</ol>
<p>}}</p>
<p>理性认识→实践: 认识世界是为了改造世界; 认识的真理性只有在实践中才能得到检验和发展</p>
<p>实现从认识到实践飞跃的条件</p>
<ol>
<li>需要经过一定的中介环节</li>
<li>必须从实际出发，坚持理论与实际结合</li>
<li>让理论为群众所掌握，转化为改造世界的物质力量</li>
</ol>
<p>实践与认识的辩证运动: {{c1::人们对事物的认识过程由于主客观条件限制，总是要经历在实践的基础上通过两次飞跃，多次反复才能完成}}</p>
<p>认识辨证运动发展的基本过程、认识运动的总规律: {{c1::实践→认识→再实践→再认识，循环往复以至无穷}}</p>",2020-11-08T19:16:15+08:00,Marxism
2801c13f-f281-4527-a0ff-13c34e923ab9,"<p>理性因素与非理性因素在认识过程中的作用</p>
<ul>
<li>理性因素在认识活动中的作用有 {{c1::指导、解释、遇见作用}}</li>
<li>非理性因素在认识活动中的作用有 {{c1::激活、驱动、控制作用 (兴趣是最好的老师)}}</li>
</ul>",2020-11-08T19:12:19+08:00,Marxism
c235a876-6f1f-41c4-b73c-2bc91f8c4020,"<p>(重要) 人与自然的关系</p>
<p>{{c1::</p>
<ol>
<li>如何合理处理问题是人们活动时间方式的反映</li>
<li>应当合理地调节人与自然之间的物质变换，在最无愧于和最适合人类本性的条件下进行这种物质变换</li>
</ol>
<p>}}</p>",2020-11-13T19:54:19+08:00,Marxism
1a552d9b-bcfd-4083-8a69-3a5478bc434c,"<p>认识与实践是具体的历史的统一</p>
<ul>
<li>保守错误 (右): {{c1::客观上已经发展，而主观认识仍停留在旧的层面上}}</li>
<li>冒进错误 (“左”): {{c1::客观上还未达到向另一具体过程转变的条件，把将来可能做的事情拿到现在来做，企图超越阶段}}</li>
</ul>
<p>从实践出发理解社会生活的本质</p>
<ol>
<li>实践是使自然界和人类社会<strong>分化统一</strong>的基础</li>
<li>实践是社会关系形成的基础；实践形成了社会生活的基本领域；实践构成了社会发展的动力</li>
</ol>",2020-11-07T18:30:44+08:00,Marxism
c8e353dd-b868-4c87-9e7e-d7e884b8f0cb,"<p>真理的含义: {{c1::对客观事物及其规律的正确反映，反之为谬误}}</p>
<p>真理的特点</p>
<ul>
<li>{{c1::客观性: 真理的思想<em>内容</em>是客观的，检验真理的标准是客观的。是真理的<em>本质属性</em>。}}</li>
<li>{{c1::一元性: 真理是客观的，决定了在同一条件下对特定认识客体的真理性认识只有一个。<em>真理的内容是一元性的，形式是多样性的。</em>}}</li>
<li>{{c1::绝对性}}</li>
<li>{{c1::相对性}}</li>
</ul>
<p>主观真理论的两种表现形式</p>
<ol>
<li>实用主义: “有用即真理”。把真理的有用性同真理本身相等同。</li>
<li>马赫主义: 真理是“社会组织起来的经验”，多数人承认的就是真理。否定了客观真理的存在。</li>
</ol>",2020-11-09T21:18:30+08:00,Marxism
111755d4-d2c0-4a16-97ce-33de71aaa939,"<p>(重要) 绝对真理与相对真理的辩证关系</p>
<p>{{c1::</p>
<ol>
<li>真理的绝对性: 任何真理都标志着主观同客观的符合</li>
<li>真理的相对性: 任何真理都只能是主观对客观事物相对正确的反映</li>
</ol>
<p>}}</p>
<p>方法论: {{c1::以科学的态度对待一切真理，反对绝对主义 (教条主义和思想僵化) 和相对主义 (不可知论和诡辩论)。既要坚持真理，又要发展真理。}}</p>",2020-11-15T17:52:05+08:00,Marxism
5b22d149-562a-48dc-88f4-7b3d41362385,"<p>真理与谬误的根本区别: {{c1::主观是否与客观相符合}}</p>
<p>(重要) 真理与谬误的关系 (实践角度即成功与失败的关系)</p>
<p>{{c1::</p>
<p>对立统一关系</p>
<ol>
<li>真理与谬误相互对立，在一定范围内的对立是绝对的</li>
<li>真理与谬误相互包含，在一定条件下相互转化</li>
<li>真理是与谬误相比较而存在的。真理的发展是通过同谬误的斗争来实现的。</li>
</ol>
<p>}}</p>
<p>方法论: {{c1::正视错误，认真分析失败的原因，化不利因素为有利因素，从失败中吸取经验教训}}</p>",2020-11-09T21:33:17+08:00,Marxism
913443ce-412c-4bb5-9153-88e9912319f9,"<p>逻辑证明的补充作用</p>
<p>逻辑证明的意义: {{c1::是探索真理、论证真理的方式，是正确思维和表达的必要条件，也是建立科学理论体系的重要途径}}</p>
<p>真理符合逻辑，符合逻辑的不一定是真理</p>",2020-11-15T18:14:12+08:00,Marxism
d229647b-0da3-4f8d-80db-c87dd9f641e5,"<p>实践是检验真理的唯一标准</p>
<p>实践之所以能够作为真理的唯一检验标准，是由 {{c1::真理的本性 (主客观相符) 和实践的特点 (直接现实性) 所决定的}}</p>
<p>实践标准的特点</p>
<ul>
<li>{{c1::确定性 (绝对性): 唯一}}</li>
<li>{{c1::不确定性 (条件性): 一定历史阶段上的实践具有局限性; 实践检验真理是一个过程，不是一次完成的; 已被检验过的真理还要继续经受实践的检验}}</li>
</ul>",2020-11-08T18:26:52+08:00,Marxism
ac62d6e5-135e-4c18-9646-69cf84588ad9,"<p>(重要) 真理与价值的辩证统一</p>
<p>价值的含义: {{c1::实践基础上形成的<strong>主体与客体之间的意义关系</strong>，是<strong>客体</strong>对个人、群体、社会的生活和活动具有的积极意义}}</p>
<p>价值由 {{c1::主体的需要}} 和 {{c1::客体的特性}} 两方面构成</p>
<p>价值的基本特性</p>
<ol>
<li>{{c1::主体性 (主体需要): 价值直接与主体相联系，以主体为中心}}</li>
<li>{{c1::客观性: 主体的存在和需要具有客观性; 客体的存在、属性及作用是客观的}}</li>
<li>{{c1::多维性: 每个主体的价值关系都具有多样性，同一客体相对于主体的不同需要会产生不同的价值}}</li>
<li>{{c1::社会历史性: 随着社会历史的发展，同一客体的价值会发生改变}}</li>
</ol>",2020-11-08T18:32:39+08:00,Marxism
c1b676d2-b28a-441b-adf7-3b2c327d8088,"<p>实践的真理尺度和价值尺度的统一</p>
<ul>
<li>真理尺度 (客观标准, 合规律性): {{c1::在实践中人们必须遵循正确反映客观事物本质和规律的真理}}</li>
<li>价值尺度 (主体标准, 合目的性): {{c1::在实践中人们按照自己的尺度和需要去认识和改造世界}}</li>
</ul>
<p>真理和价值在实践中的辩证统一</p>
<ol>
<li>{{c1::价值尺度必须以真理为前提}}</li>
<li>{{c1::人类自身需要的内在尺度，推动着人们不断发现新的真理}}</li>
</ol>
<p>新时代中国特色社会主义的伟大实践，充分体现了真理尺度和价值尺度的辩证统一</p>",2020-11-15T18:25:52+08:00,Marxism
62421540-7d65-48a7-950f-cdc5f548c286,"<p>(了解) 价值评价及其特点</p>
<p>价值评价的含义: 主体对客体的价值及价值大小所做的评判</p>
<p>价值评价的基本特点</p>
<ol>
<li>{{c1::客观性: 评价以<em>主客体的价值关系</em>为认识对象}}</li>
<li>{{c1::主体性: 评价结果与评价主体直接相关，<em>受主体意志的影响</em>}}</li>
<li>{{c1::评价结果是否正确依赖于对客体状况和主体需要的认识}}</li>
</ol>",2020-11-08T18:42:25+08:00,Marxism
162549ac-ac8b-44ce-ab03-b7ad6493e297,"<p>社会的基本矛盾是 {{c1::生产力与生产关系、经济基础与上层建筑的矛盾}}</p>
<p>社会的主要矛盾是 {{c1::劳动人民日益增长的美好需要同发展不平衡不协调的矛盾}}</p>
<p>生产力决定 {{c1::生产关系}}; 经济基础决定 {{c1::上层建筑}}。
其运动规律为 {{c1::矛盾运动 (不断在不适合与基本适合间往复)}}</p>
<p>区分社会经济时代的客观依据为 {{c1::生产工具}}。</p>
<p>人的本质是 {{c1::一切社会关系的总和}};
人的本质属性是 {{c1::社会属性}}</p>
<p>阶级是 {{c1::经济::经济/政治}} 实体</p>",2020-11-09T22:03:02+08:00,Marxism
fab8773f-a31d-4255-b7e4-32b2b69fd8ef,"<p>{{c2::生产力}} 是生产的 {{c1::物质内容}}, {{c2::生产关系}} 是生产的 {{c1::社会形式}}</p>",2020-11-18T20:36:09+08:00,Marxism
8490c4a5-7931-4656-83bb-3c4b7884d95e,"<p>使用价值是 {{c1::价值和交换价值::价值/交换价值}} 的物质承担者</p>
<p>{{c1::价值::价值/使用价值}} 的存在以 {{c1::价值::价值/使用价值}} 为前提</p>",2020-11-18T20:42:51+08:00,Marxism
5c71de25-45b5-474b-a06b-a2737a029a3a,"<p>社会意识具有相对独立性表现在 (建设先进文化的必要性)</p>
<ul>
<li>{{c1::社会意识与社会存在发展具有不完全同步性和不平衡性 (经济与文化发展不平衡)}}</li>
<li>{{c1::社会意识内部各种形式之间相互影响且各具其历史继承性 (古为今用、推陈出新)}}</li>
<li>{{c1::(最突出) 社会意识对社会存在具有能动的反作用 (建设先进文化的必要性)}}</li>
</ul>",2020-11-09T21:48:55+08:00,Marxism
bd77d9f1-8148-4dcb-b09f-6cd8b5f6f19b,"<p>社会历史发展的动力</p>
<ul>
<li>根本动力: {{c1::社会基本矛盾}}</li>
<li>直接动力: {{c1::阶级社会的阶级斗争}}</li>
<li>社会进步和政治进步的强大推动力: {{c1::社会革命}}</li>
<li>重要动力: {{c1::改革和革命}}</li>
<li>有力杠杆: {{c1::科技进步 (既有有利影响，又有不利影响)}}</li>
</ul>",2020-11-09T22:27:33+08:00,Marxism
da129d7c-5c8c-4722-9832-55259af753b9,"<p>人与自然的关系</p>
<ol>
<li>{{c1::自然地理环境是人类社会生存和发展的永恒的、必要的条件，是人们生活和生产的自然基础，对社会发展起着加速或延缓的作用}}</li>
<li>{{c1::自然平衡对社会生活起着重要作用}}</li>
<li>{{c1::环境问题是人与自然关系的严重失衡}}</li>
<li>{{c1::人与自然是生命共同体，人类必须尊重自然、顺应自然、保护自然，坚持人与自然和谐共生}}</li>
</ol>",2020-11-20T07:04:06+08:00,Marxism
ddd34ace-563d-4c25-bcc4-4cfb4ac8045d,"<p>科学技术在社会发展中的作用</p>
<p>科学技术是社会发展的重要动力</p>
<ol>
<li>科技革命是推动经济和社会发展的强大杠杆<ul>
<li>{{c1::科学技术对生产方式产生了巨大影响}}</li>
<li>{{c1::科学技术对生活方式产生了巨大影响}}</li>
<li>{{c1::科学技术促进了思维方式的变革}}</li>
</ul>
</li>
<li><strong>(重要) 正确把握科学技术的社会作用</strong><ul>
<li>{{c1::科学技术对社会发展有巨大的推动作用}}</li>
<li>{{c1::科学技术的作用受到一定客观条件和主观条件的影响}}</li>
<li>{{c1::科学技术在运用时遇到的问题，往往是由于对自然规律和人与自然关系的认识不够，或缺乏对科技消极后果的强有力的控制手段}}</li>
</ul>
</li>
</ol>
<p>方法论: {{c1::要求有合理的社会制度保障科学技术的正确应用; 始终坚持使科学技术为人类的健康发展服务，让科技为人类造福}}</p>",2020-11-15T19:42:18+08:00,Marxism
e9fda06f-b270-4e39-ae8f-3c4b23d60878,"<p>(重要) 人民群众在历史发展中的作用</p>
<ol>
<li>{{c1::人民群众是社会物质财富的创造者}}</li>
<li>{{c1::人民群众是社会精神财富的创造者}}</li>
<li>{{c1::人民群众是社会变革的决定力量}}</li>
</ol>",2020-11-20T07:14:24+08:00,Marxism
580bbcb8-2606-4466-8aa1-3cb55b69b085,"<p>社会矛盾及其运动规律</p>
<ul>
<li>社会存在和发展的基础是 {{c1::物质生产方式}}</li>
<li>对社会存在起决定作用的是 {{c1::物质生产方式}}</li>
<li>人类其他一切活动的<strong>首要前提</strong>是 {{c1::物质生产方式}}</li>
</ul>
<p>社会意识形式: 高层次的社会意识，以理性认识为主 (根据与经济基础的关系即<strong>有无阶级性</strong>划分)</p>
<ul>
<li>属于上层建筑的社会意识形式 (社会意识形态): <strong>政治法律思想 (核心)</strong>、道德等</li>
<li>不属于上层建筑的社会意识形式 (非意志形态的社会意识形式): 语言学等</li>
</ul>
<p>生产力中最活跃的因素是 {{c1::劳动者}}，最重要的劳动资料是 {{c1::生产工具}}。最基本、决定性的生产关系是 {{c1::生产资料所有制关系}}</p>
<p>社会历史发展的动力</p>
<ul>
<li>根本动力: {{c1::社会基本矛盾}}</li>
<li>阶级社会发展的直接动力: {{c1::阶级社会的阶级斗争}}</li>
<li>社会进步和政治进步的强大推动力: {{c1::社会革命}}</li>
<li>重要动力: {{c1::改革和革命}}</li>
<li>有力杠杆: {{c1::科技进步 (既有有利影响，又有不利影响)}}</li>
</ul>",2020-11-16T12:52:48+08:00,Marxism
42c56739-37c1-4b66-8678-0dc8c2a3f862,"<p>商品经济产生的历史条件: {{c1::社会分工的出现、生产资料和劳动产品属于不同的所有者}}</p>
<p>商品经济是以 {{c1::交换}} 为目的而进行生产的经济形式</p>
<p>商品经济与自然经济的最主要区别 {{c1::商品经济的生产目的为交换、自然经济的生产目的为使用价值}}</p>",2020-11-16T13:09:28+08:00,Marxism
73e623b5-465a-49f5-9d8e-23f6cd1bff67,"<p>商品的二因素: <strong>价值、使用价值</strong></p>
<ul>
<li>使用价值 (商品的有用性): 构成社会财富的物质内容</li>
<li>价值: 凝结在商品中的无差别的一般人类劳动。是商品交换标准</li>
<li>交换价值: 一种使用价值同另一种使用价值相交换的量的标准</li>
</ul>
<p>价值是交换价值的基础，交换价值是价值的表现形式</p>
<p>价值与使用价值的对立统一关系</p>
<ul>
<li>对立性: (在同一人那里) 相互排斥，二者不可兼得</li>
<li>统一性: 使用价值是价值的物质承担者，价值寓于使用价值之中</li>
</ul>
<p>生产商品的劳动二重性: <strong>理解马克思主义政治经济学的枢纽</strong></p>
<ul>
<li>抽象劳动: 人脑和体力消耗，反映劳动的社会属性，是 {{c1::价值的唯一源泉}}</li>
<li>具体劳动: (有用劳动) 具体形式的劳动，反映劳动的 {{c1::自然::社会/自然}} 属性。
            <strong>具体劳动创造商品的 {{c1::使用价值 (社会财富)::价值/使用价值}}，转移 {{c1::生产资料}} 的价值</strong></li>
</ul>",2020-11-16T13:12:09+08:00,Marxism
e74e11e4-6f4f-42b0-9a43-e956214a054c,"<p>商品的价值量由 {{c1::社会必要劳动时间}} 决定</p>
<p>劳动生产率是 {{c1::劳动者生产<em>使用价值</em>的能力}}</p>
<p>影响劳动生产率的因素包括</p>
<ol>
<li>劳动者的平均熟练程度</li>
<li>科学技术的发展程度及其在生产中的应用</li>
<li>生产过程的社会结合</li>
<li>生产资料的规模和效能以及自然条件</li>
</ol>
<p><strong>单位劳动时间内创造的价值量是不变的</strong>，商品的价值量与生产商品所耗费的劳动时间呈{{c1::正}}比，与劳动生产率呈{{c1::反}}比</p>
<p>商品的价值量以 {{c1::简单劳动}} 为尺度</p>",2020-11-16T13:38:17+08:00,Marxism
3a71ac30-8aa0-4801-bbc5-13fc4cabac40,"<p>价值形式的发展</p>
<ol>
<li>简单的或偶然的价值形式: 一只羊→两把斧</li>
<li>总和的或扩大的价值形式</li>
<li>{{c1::一般价值形式}}: 一般等价物 <strong>一次质变</strong></li>
<li>{{c1::货币形式}}: 商品价值的完成形式</li>
</ol>
<p>货币的本质: {{c1::长期交换过程中形成的固定充当一般等价物的商品}}</p>
<p>货币最基本的职能为 {{c1::价值尺度 (观念上)、流通手段 (现实上)}}</p>
<p>流通手段为一手交钱一手交货，支付手段为钱和交易不同时进行</p>",2020-11-16T13:54:13+08:00,Marxism
faa663a4-7e75-4d29-8f46-ce5460598b0c,"<p>价值规律: 商品的价值量由 {{c1::社会必要劳动时间}} 决定，商品交换以 {{c1::价值量}} 为基础，按照 {{c1::等价交换}} 的原则进行。</p>
<p>价值规律的表现形式: 商品的价格围绕商品的价值自发波动</p>
<p>价值规律的作用 (及其消极作用)</p>
<ol>
<li>(技术进步) 自发的刺激社会生产力的发展 (导致垄断)</li>
<li>(资源配置) 自发的调节生产资料和劳动力在社会生产部门之间的分配比例 (各部门配置比例失调，导致社会资源的浪费)</li>
<li>(利润分配) 自发的调节社会收入分配 (导致商品生产者的两极分化)</li>
</ol>",2020-11-16T14:08:56+08:00,Marxism
cb32e7bd-35fe-4e79-940d-629d33bd1768,"<p>私有制商品经济的基本矛盾是 {{c1::私人劳动和社会劳动的矛盾}}</p>
<p>资本主义的基本矛盾是 {{c1::生产资料的资本主义私人占有与生产社会化之间的矛盾}}</p>
<p>马克思劳动价值论的理论意义是 {{c1::为剩余价值理论奠定了基础}}，实践意义是 {{c1::为社会主义市场经济的发展提供了理论指导}}。</p>",2020-11-16T14:17:15+08:00,Marxism
87fad9ab-4d74-4fb6-995d-8080819db68c,"<p>资本原始积累的途径</p>
<ol>
<li>用暴力手段剥夺农民的土地</li>
<li>用暴力手段进行殖民剥夺货币财富</li>
</ol>
<p>劳动力成为商品的基本条件: {{c1::劳动者是自由人; 劳动者没有别的商品可以出卖}}</p>
<p>劳动力商品的特点</p>
<ol>
<li>{{c1::维持劳动者本人生存所必须的生活资料的价值}}</li>
<li>{{c1::维持劳动者家属生存所必须的生活资料的价值}}</li>
<li>{{c1::劳动者接受教育和训练所支出的费用}}</li>
</ol>
<p>劳动力商品的使用价值的特点: {{c1::其使用价值是价值的源泉，在消费过程中能够创造新的价值，比劳动力本身的价值更大}}</p>",2020-11-16T14:33:54+08:00,Marxism
4c020a8d-bd61-4f68-a2ce-f5f0384e445d,"<p>资本主义生产方式的绝对规律是 {{c1::生产剩余价值}}</p>
<p>资本主义生产过程的两重性</p>
<ol>
<li>物质资料的生产过程</li>
<li>剩余价值的生产过程 (价值增殖过程): 超过劳动力价值的补偿 (必要劳动) 这一定点而延长的价值 (剩余劳动) 形成过程</li>
</ol>
<p>剩余价值的实质: {{c1::雇佣工人所创造的并被资本家无偿占有的超过劳动力价值的那部分价值}}</p>
<p>资本的本质: {{c1::可以带来剩余价值的价值}}</p>",2020-11-16T14:49:51+08:00,Marxism
b8fc1549-e4b1-44f8-ab22-c7301ddde260,"<p>不变资本和可变资本和剩余价值率</p>
<ul>
<li>不变资本 (c): 以生产资料形态存在的资本。价值量不增殖。<ul>
<li>流动资本: 一次全部转移 (耗材)</li>
<li>固定资本: 多次生产过程中逐渐转移 (机器)</li>
</ul>
</li>
<li>可变资本 (v): 用来购买劳动力商品的资本。</li>
<li>剩余价值 (m): 即利润 (p)</li>
<li>剩余价值率 (剥削率, m') = {{c1::m / v}}</li>
<li>利润率 (p') = {{c1::m / (c + v)}}</li>
</ul>",2020-11-16T15:09:25+08:00,Marxism
07f9083c-acb8-42d2-bc14-8c91462fa481,"<p>绝对剩余价值和相对剩余价值</p>
<ul>
<li>绝对剩余价值: (加班) 在必要劳动时间不变的条件下，延长工作日的长度而生产的剩余价值</li>
<li>相对剩余价值: (加速) 在工作日长度不变的条件下，缩短必要劳动时间而生产的剩余价值</li>
<li>超额剩余价值 (对个别资本家而言): 企业由于提高劳动生产率而使商品的个别价值低于社会价值的差额</li>
</ul>
<p>区别</p>
<table>
<thead>
<tr>
<th>\</th>
<th>绝对剩余价值生产</th>
<th>相对剩余价值生产</th>
</tr>
</thead>
<tbody>
<tr>
<td>{{c1::必要劳动时间}}</td>
<td>不变</td>
<td>缩短</td>
</tr>
<tr>
<td>{{c1::劳动生产率/技术水平}}</td>
<td>不变</td>
<td>提高</td>
</tr>
<tr>
<td>{{c1::资本主义不同发展阶段的作用不同}}</td>
<td>自由竞争时期</td>
<td>垄断资本主义时期</td>
</tr>
</tbody>
</table>",2020-11-16T15:48:16+08:00,Marxism
59035d26-622b-47f1-9c40-08b5c53acf92,"<p>资本积累</p>
<p>资本主义再生产</p>
<ul>
<li>资本主义再生产的形式<ul>
<li>资本主义简单再生产: 将所有获得的剩余价值完全用于个人消费</li>
<li>资本主义扩大再生产: 将获得的剩余价值的一部分转化为资本</li>
</ul>
</li>
<li>资本主义再生产的实质: <strong>物质资料再生产和资本主义生产关系再生产的统一</strong></li>
<li>资本主义再生产的特点: <strong>扩大再生产</strong></li>
</ul>
<p>资本积累是资本主义扩大再生产的源泉</p>
<ul>
<li>资本积累的本质: 资本家不断利用无偿占有的工人创造的剩余价值，来扩大自己的资本规模，进一步扩大和加强对工人的剥削和统治</li>
<li>资本积累的源泉: {{c1::剩余价值}}</li>
<li>资本积累的后果: {{c1::加剧社会的两极分化}}</li>
</ul>",2020-11-16T15:24:56+08:00,Marxism
3c104bed-a05e-4c22-b802-2c2e2352337e,"<ul>
<li>资本的技术构成 = {{c1::由生产的技术水平所决定的生产资料和劳动力之间的比例 (生产资料 : 劳动力)}}</li>
<li>资本的价值构成 = {{c1::c : v (资本的技术构成从价格形式上而言)}}</li>
<li>资本的有机构成 = {{c1::由<big>资本的技术构成</big>决定并反映技术构成变化的<strong>资本价值构成</strong>，表现为 c : v}}</li>
</ul>",2020-11-16T15:59:31+08:00,Marxism
5acf29bf-8f84-46a1-987f-f689d2a43e7f,"<p>相对过剩人口</p>
<p>不被{{c1::资本家的价值增殖::资本主义社会发展/资本家的价值增殖}}所需要的劳动力</p>",2020-11-16T16:04:57+08:00,Marxism
d28b58d0-a1a6-4f08-b92a-580b0f1aea5f,"<p>社会再生产的核心问题</p>
<ul>
<li>研究社会再生产的核心问题是 {{c1::社会总产品的实现问题}}</li>
<li>马克思研究为了研究扩大再生产的实现，设定的理论前提条件: {{c1::将社会总产品在物质上划分为两大部类；把所有商品的价值分成 c, v, m 三部分}}</li>
<li>扩大再生产实现的条件是 {{c1::做到一个两大部类之间生产规模和生产结构上的比例平衡}}</li>
<li>扩大再生产实现的意义是 {{c1::资源配置合理，经济结构调整的重要性}}</li>
</ul>",2020-11-16T16:23:42+08:00,Marxism
d3cee49c-2902-4420-a840-bd6ca573b63a,"<p>资本主义经济危机</p>
<ul>
<li>本质特征: {{c1::生产过剩}}</li>
<li>根源: {{c1::货币作为流通手段和支付手段}}</li>
</ul>
<p>经济危机周期性暴发的特点</p>
<ul>
<li>社会资本再生产的周期: 危机 (基本阶段)→萧条→复苏→高涨</li>
<li>资本主义再生产的周期: 危机阶段是必经阶段</li>
</ul>",2020-11-16T16:40:01+08:00,Marxism
43514c62-829c-4f58-b894-3def19b84a0e,"<p>习近平新时代中国特色社会主义</p>
<p>四个战略布局</p>
<ol>
<li>{{c1::全面建成小康社会}}</li>
<li>???</li>
<li>???</li>
<li>???</li>
</ol>
<p>五位一体</p>
<ol>
<li>{{c1::经济}}</li>
<li>{{c1::政治}}</li>
<li>{{c1::文化}}</li>
<li>{{c1::社会}}</li>
<li>{{c1::精神文明}}</li>
</ol>
<p>五位一体的总体部署: {{c1::到本世纪中叶，把中国建成<strong>富强、民主、文明、和谐、美丽</strong>的社会主义现代化强国}}</p>",2020-11-07T18:10:54+08:00,Socialism
2fe2abad-c858-4ee5-b145-9e9c3abf5401,"<p>毛泽东思想形成和发展的过程</p>
<ol>
<li>第一次国内革命战争时期 (1925 - 1927): {{c1::提出新民主主义革命的基本思想}}</li>
<li>土地革命战争时期 (1927 - 1937): {{c1::<strong>标志毛泽东思想的初步形成</strong>}}</li>
<li>遵义会议以后至抗日战争结束 (1937 - 1945): {{c1::<strong>毛泽东思想趋于成熟</strong>}}</li>
<li>解放战争至中华人民共和国成立以后 (1945 - 1949)</li>
</ol>",2020-11-10T18:00:24+08:00,Socialism
4c4ac2c6-8bc7-4919-89df-40904419575a,"<p>毛泽东思想活的灵魂</p>
<ol>
<li>{{c1::基本思想方法}}: {{c2::实事求是}}</li>
<li>{{c1::根本工作颅线}}: {{c2::群众路线}}</li>
<li>{{c1::根本政治原则}}: {{c2::独立自主}}</li>
</ol>",2020-11-10T18:08:23+08:00,Socialism
982f0d21-b2c7-4894-9151-7412105e7546,"<p>近代中国国情和中国革命的时代特征</p>
<p>近代中国国情</p>
<ul>
<li>基本依据: 认清国情</li>
<li>社会性质: 半殖民地半封建社会</li>
<li>主要矛盾: {{c1::<strong>帝国主义和中华民族的矛盾</strong>、封建主义和人民大众的矛盾}}</li>
<li>革命对象和任务 (三座大山): {{c1::帝国主义、封建主义、官僚资本主义}}</li>
<li>近代中国革命的性质: {{c1::<strong>资产阶级</strong>民主革命 (因未反对民族资本主义)}}</li>
</ul>",2020-11-10T18:21:22+08:00,Socialism
55c42419-c802-4257-84a3-9c432d8af6af,"<p>{{c1::《在晋绥干部会议上的讲话》}} 提出了 {{c2::土地革命总路线、新民主主义革命总路线}}</p>
<p>新民主主义革命</p>
<ul>
<li>总路线: {{c1::无产阶级}}领导的，{{c1::人民大众}}的，反对帝国主义、封建主义、官僚资本主义的革命</li>
<li>经济纲领: {{c1::两没收、一保护 (没收封建地主阶级土地归农民所有、没收官僚资本归新民主主义国家所有、保护民族资本主义工商业)}}</li>
</ul>
<p>“没收官僚资本归新民主主义国家所有” 一方面具有新民主主义革命性质，另一方面具有社会主义革命性质。</p>
<p>“保护民族资本主义工商业” 一方面由中国落后的生产力决定，另一方面由新民主主义革命的性质决定。</p>",2020-11-10T18:31:11+08:00,Socialism
893e62ac-f037-43f4-925b-e3e6f7350a00,"<p>邓小平理论的形成过程</p>
<ol>
<li>{{c1::1978 年十一届三中全会}}: 提出实行改革开放的战略决策</li>
<li>{{c1::1987 年十三大}}: 第一次系统阐述社会主义初级阶段理论，标志邓小平理论轮廓形成</li>
<li>{{c1::1992 年南方讲话}}: 标志邓小平理论逐步走向成熟</li>
<li>{{c1::1997 年十五大}}: 提出“邓小平理论”，确立为党的指导思想</li>
<li>{{c1::1999 年宪法修正案}}: 将邓小平理论载入宪法</li>
</ol>",2020-11-10T18:58:28+08:00,Socialism
68c9c7e8-e0ef-475f-a9a2-4d6671903582,"<p>(重要) 中国特色社会主义新时代的内涵</p>
<ol>
<li>{{c1::<strong>(道路)</strong> 是承前启后、继往开来、在新的历史条件下继续夺取中国特色社会主义伟大胜利的时代}}</li>
<li>{{c1::<strong>(国家)</strong> 是决胜全面简称小康社会、进而全面建设社会主义现代化强国的时代}}</li>
<li>{{c1::<strong>(发展)</strong> 是全国各族人民团结奋斗、不断创造美好生活、逐步实现全体人民共同富裕的时代}}</li>
<li>{{c1::<strong>(目标)</strong> 是全体中华儿女同心协力、奋力实现中华民族伟大复兴中国梦的时代}}</li>
<li>{{c1::<strong>(贡献)</strong> 是我国日益走进世界舞台中央、不断为人类作出更大贡献的时代}}</li>
</ol>",2020-11-10T19:04:29+08:00,Socialism
182385a4-0412-45ab-b0ee-d3e49c18310a,"<p>中国特色社会主义进入新时代的重大意义</p>
<ol>
<li>{{c1::意味着近代以来久经磨难的中华民族迎来了<strong>从站起来、富起来到强起来</strong>的伟大飞跃，迎来了实现中华民族伟大复兴的光明前景}}</li>
<li>{{c1::意味着科学社会主义在 21 实际的中国焕发出强大生机活力，在世界上高高举起了中国特色社会主义伟大旗帜}}</li>
<li>{{c1::意味着中国特色社会主义道路、理论、制度、文化不断发展，拓展了发展中国家走向现代化的途径，为解决人类问题贡献了中国智慧和中国方案}}</li>
</ol>",2020-11-10T19:10:14+08:00,Socialism
80b75fb8-3f11-44b5-81b0-03aebb635308,"<p>习近平新时代中国特色社会主义思想的丰富内涵: {{c1::(理论上) 八个明确}}</p>
<p>习近平新时代中国特色社会主义思想的基本方略: {{c1::(实践上) 十四个坚持}}</p>",2020-11-10T19:13:54+08:00,Socialism
ea2be8be-1772-4abf-91b2-cf8aeafc96bc,"<p>中国特色社会主义的总任务是 {{c1::实现中华民族伟大复兴的中国梦}}</p>
<p>中国梦的科学内涵包括</p>
<ol>
<li>国家富强</li>
<li>民族振兴</li>
<li>人民幸福</li>
</ol>",2020-11-10T19:17:29+08:00,Socialism
1da1e4c6-3cde-46f5-9ffe-e62837bf9f6b,"<p>开启全面建设社会主义现代化强国的新征程</p>
<p>实现社会主义现代化强国 “两步走” 战略</p>
<ol>
<li>{{c1::2020 - 2035: 基本实现社会主义现代化}}</li>
<li>{{c1::2035 - 本世纪中叶: 把我国建成富强民主文明和谐美丽的社会主义现代化强国}}</li>
</ol>",2020-11-10T19:18:56+08:00,Socialism
5280b847-9867-453a-87f2-24dd2db58f59,"<p>(重要) <!--五位一体的总布局-->
贯彻新发展理念</p>
<ol>
<li>{{c1::创新: <strong>第一动力</strong>，解决<strong>发展动力</strong>问题}}</li>
<li>{{c1::协调: <strong>内在要求</strong>，解决<strong>发展不平衡</strong>问题。区域、城乡、物质与精神文明、经济与国防建设协调发展。}}</li>
<li>{{c1::绿色: <strong>必要条件</strong>，人与自然和谐问题}}</li>
<li>{{c1::开放: <strong>必由之路</strong>，内外联动问题}}</li>
<li>{{c1::共享: <strong>本质要求</strong>，社会公平正义问题}}</li>
</ol>",2020-11-10T19:21:26+08:00,Socialism
604f21e7-e68f-465f-8d6a-19d353544a6a,"<p>深化供给侧结构性改革</p>
<ol>
<li>{{c1::推动增长动能转换，以加快发展先进制造业为重点，<strong>全面提升实体经济</strong>}}</li>
<li>{{c1::深化要素市场化配置改革，实现<strong>以价取胜向以质取胜的转变</strong>}}</li>
<li>{{c1::加大人力资本培育力度，更加注重<strong>调动和保护人的积极性</strong>}}</li>
<li>{{c1::持续推进“三去一降一补”，优化市场供求结构}}</li>
</ol>
<p>三去一降一补: {{c1::去产能，去库存，去杠杆，降成本，补短板}}</p>",2020-11-10T19:32:19+08:00,Socialism
f15e326d-c64c-4714-86b8-db0fdc4a8bc5,"<p>(重要) <!--五位一体的总布局-->
建设现代化经济体系的重要任务</p>
<ol>
<li>我国经济已由高速增长阶段转向高质量发展阶段<ul>
<li>保持经济持续健康发展的必然要求</li>
<li>适应我国社会主要矛盾变化的必然要求</li>
<li>遵循经济发展规律的必然要求</li>
</ul>
</li>
<li>现代化经济体系的科学内涵<ol>
<li>{{c1::要建设<strong>创新</strong>引领、<strong>协同发展</strong>的产业体系 (现代化经济体系的<strong>基础和核心</strong>)}}</li>
<li>{{c1::要建设统一开放、竞争有序的市场体系 (资源配置的主要机制)}}</li>
<li>{{c1::要建设体现效率、促进公平的收入分配体系 (激励和平衡机制)}}</li>
<li>{{c1::要建设彰显优势、协调联动的城乡区域发展体系 (空间布局)}}</li>
<li>{{c1::要建设资源节约、环境友好的绿色发展体系 (生态环境基础)}}</li>
<li>{{c1::要建设多元平衡、安全高效的全面开放体系 (与外部世界的联系机制)}}</li>
<li>{{c1::要建设充分发挥市场作用、更好发挥政府作用的经济体制 (制度基础)}}</li>
</ol>
</li>
<li>建设现代化经济体系的主要任务<ol>
<li>{{c1::大力发展实体经济，筑牢现代化经济体系的坚实基础}}</li>
<li>{{c1::加快实施创新驱动发展战略，强化现代化经济体系的战略支撑}}</li>
<li>{{c1::实施乡村振兴战略，夯实现代化经济体系的重要基础}}</li>
<li>{{c1::积极推动城乡区域协调发展，优化现代化经济体系的空间布局}}</li>
<li>{{c1::着力发展开放型经济，提高现代化经济体系的国际竞争力}}</li>
<li>{{c1::深化经济体制改革，完善现代化经济体系的制度保障}}</li>
</ol>
</li>
</ol>",2020-11-10T19:39:42+08:00,Socialism
692484b1-d9a4-4c5f-9f7a-357fbcf47aef,"<p>(重要) 坚定文化自信，建设社会主义文化强国</p>
<ol>
<li>{{c1::必须培养高度的文化自信}}</li>
<li>{{c1::推动中华优秀传统文化创造性转化、创新性发展}}</li>
<li>{{c1::必须大力发展文化事业和文化产业}}</li>
<li>{{c1::必须提高国家文化软实力}}</li>
</ol>",2020-11-10T20:00:13+08:00,Socialism
ce12945b-2974-40d4-8951-9e130fa7922b,"<p>(重要) 提高保障和改善民生水平</p>
<ol>
<li>{{c1::优先发展教育事业}}</li>
<li>{{c1::提高就业质量和人民收入水平}}</li>
<li>{{c1::加强社会保障体系建设}}</li>
<li>{{c1::坚决打赢脱贫攻坚战}}</li>
<li>{{c1::实施健康中国战略}}</li>
</ol>",2020-11-10T20:04:20+08:00,Socialism
208bc414-26ca-4250-924e-0304de07dc84,"<p>坚持人与自然和谐共生</p>
<p>生态文明的核心: {{c1::坚持人与自然和谐共生}}</p>
<p>生态文明理念: {{c1::尊重自然、顺应自然、保护自然}}</p>",2020-11-10T20:07:21+08:00,Socialism
f9b91241-38ac-4c54-9f64-242b6492bf02,"<p>“四个全面” 战略布局</p>
<ol>
<li>战略目标: {{c1::全面建成小康社会，引领地位}}</li>
<li>{{c1::全面深化改革}}</li>
<li>{{c1::全面依法治国}}</li>
<li>{{c1::全面从严治党}}</li>
</ol>",2020-11-10T20:10:21+08:00,Socialism
